Time,Setpoint,Position,Error,Command
0.00,50.0,5.0,45.0,100.0
0.01,50.0,9.7,40.2,100.0
0.02,50.0,14.3,35.7,100.0
0.03,50.0,18.5,31.5,100.0
0.04,50.0,22.6,27.4,100.0
0.05,50.0,26.5,23.5,100.0
0.06,50.0,29.6,20.4,87.9
0.07,50.0,32.2,17.8,83.0
0.08,50.0,34.2,15.8,72.4
0.09,50.0,36.1,13.9,72.1
0.10,50.0,37.5,12.5,63.9
0.11,50.0,38.6,11.4,60.2
0.12,50.0,39.8,10.2,61.0
0.13,50.0,40.4,9.6,52.4
0.14,50.0,41.2,8.8,55.6
0.15,50.0,41.7,8.3,51.8
0.16,50.0,42.2,7.8,52.6
0.17,50.0,42.5,7.5,47.6
0.18,50.0,43.0,7.0,52.6
0.19,50.0,43.1,6.9,44.8
0.20,50.0,43.5,6.5,51.0
0.21,50.0,43.6,6.4,45.5
0.22,50.0,43.8,6.2,47.0
0.23,50.0,43.9,6.1,45.8
0.24,50.0,44.1,5.9,49.0
0.25,50.0,44.1,5.9,42.8
0.26,50.0,44.3,5.7,49.5
0.27,50.0,44.2,5.8,42.5
0.28,50.0,44.5,5.5,49.8
0.29,50.0,44.5,5.5,43.5
0.30,50.0,44.6,5.4,46.7
0.31,50.0,44.7,5.3,46.1
0.32,50.0,44.6,5.4,44.4
0.33,50.0,44.7,5.3,46.7
0.34,50.0,44.7,5.3,43.4
0.35,50.0,44.8,5.2,47.7
0.36,50.0,44.7,5.3,43.2
0.37,50.0,44.9,5.1,47.6
0.38,50.0,44.9,5.1,44.5
0.39,50.0,45.0,5.0,46.9
0.40,50.0,44.9,5.1,43.6
0.41,50.0,45.0,5.0,47.1
0.42,50.0,45.1,4.9,47.4
0.43,50.0,45.0,5.0,42.2
0.44,50.0,45.2,4.8,48.4
0.45,50.0,45.1,4.9,44.2
0.46,50.0,45.2,4.8,46.7
0.47,50.0,45.2,4.8,45.3
0.48,50.0,45.3,4.7,47.8
0.49,50.0,45.3,4.7,44.5
0.50,50.0,45.3,4.7,45.4
0.51,50.0,45.4,4.6,46.8
0.52,50.0,45.3,4.7,44.6
0.53,50.0,45.4,4.6,47.4
0.54,50.0,45.5,4.5,46.4
0.55,50.0,45.5,4.5,45.8
0.56,50.0,45.6,4.4,47.5
0.57,50.0,45.5,4.5,43.1
0.58,50.0,45.7,4.3,50.3
0.59,50.0,45.5,4.5,42.2
0.60,50.0,45.7,4.3,49.5
0.61,50.0,45.6,4.4,43.3
0.62,50.0,45.8,4.2,49.2
0.63,50.0,45.6,4.4,42.9
0.64,50.0,45.8,4.2,49.4
0.65,50.0,45.8,4.2,45.6
0.66,50.0,45.8,4.2,45.1
0.67,50.0,45.8,4.2,46.7
0.68,50.0,45.9,4.1,46.6
0.69,50.0,46.0,4.0,47.5
0.70,50.0,45.8,4.2,43.7
0.71,50.0,46.0,4.0,49.3
0.72,50.0,46.0,4.0,45.0
0.73,50.0,46.1,3.9,48.2
0.74,50.0,46.0,4.0,45.5
0.75,50.0,46.1,3.9,47.9
0.76,50.0,46.0,4.0,43.9
0.77,50.0,46.1,3.9,48.4
0.78,50.0,46.2,3.8,46.4
0.79,50.0,46.2,3.8,47.6
0.80,50.0,46.2,3.8,45.6
0.81,50.0,46.3,3.7,47.5
0.82,50.0,46.2,3.8,45.6
0.83,50.0,46.3,3.7,47.6
0.84,50.0,46.3,3.7,47.1
0.85,50.0,46.3,3.7,44.8
0.86,50.0,46.4,3.6,49.1
0.87,50.0,46.4,3.6,46.3
0.88,50.0,46.5,3.5,48.0
0.89,50.0,46.4,3.6,45.7
0.90,50.0,46.5,3.5,48.3
0.91,50.0,46.5,3.5,46.4
0.92,50.0,46.5,3.5,45.4
0.93,50.0,46.5,3.5,47.4
0.94,50.0,46.6,3.4,48.0
0.95,50.0,46.6,3.4,47.0
0.96,50.0,46.5,3.5,45.0
0.97,50.0,46.6,3.4,48.5
0.98,50.0,46.7,3.3,47.1
0.99,50.0,46.7,3.3,47.8
1.00,50.0,46.6,3.4,44.5
1.01,50.0,46.7,3.3,49.2
1.02,50.0,46.7,3.3,45.2
1.03,50.0,46.9,3.1,50.8
1.04,50.0,46.7,3.3,43.8
1.05,50.0,46.8,3.2,48.2
1.06,50.0,46.8,3.2,46.1
1.07,50.0,46.9,3.1,50.0
1.08,50.0,46.9,3.1,45.6
1.09,50.0,46.9,3.1,47.4
1.10,50.0,46.9,3.1,46.9
1.11,50.0,47.0,3.0,48.6
1.12,50.0,46.9,3.1,46.6
1.13,50.0,46.9,3.1,46.9
1.14,50.0,47.0,3.0,47.3
1.15,50.0,47.0,3.0,47.1
1.16,50.0,47.1,2.9,50.1
1.17,50.0,47.0,3.0,45.0
1.18,50.0,47.1,2.9,48.0
1.19,50.0,47.2,2.8,49.2
1.20,50.0,47.1,2.9,45.3
1.21,50.0,47.2,2.8,50.3
1.22,50.0,47.1,2.9,44.9
1.23,50.0,47.3,2.7,50.4
1.24,50.0,47.2,2.8,44.6
1.25,50.0,47.3,2.7,50.2
1.26,50.0,47.3,2.7,46.7
1.27,50.0,47.3,2.7,48.5
1.28,50.0,47.3,2.7,46.9
1.29,50.0,47.3,2.7,46.8
1.30,50.0,47.3,2.7,48.3
1.31,50.0,47.4,2.6,48.4
1.32,50.0,47.3,2.7,45.4
1.33,50.0,47.5,2.5,50.7
1.34,50.0,47.4,2.6,46.3
1.35,50.0,47.4,2.6,47.1
1.36,50.0,47.4,2.6,47.7
1.37,50.0,47.5,2.5,48.4
1.38,50.0,47.5,2.5,47.7
1.39,50.0,47.5,2.5,47.8
1.40,50.0,47.5,2.5,47.2
1.41,50.0,47.5,2.5,47.4
1.42,50.0,47.5,2.5,48.4
1.43,50.0,47.5,2.5,47.1
1.44,50.0,47.6,2.4,49.8
1.45,50.0,47.5,2.5,45.0
1.46,50.0,47.7,2.3,52.0
1.47,50.0,47.6,2.4,45.7
1.48,50.0,47.6,2.4,46.9
1.49,50.0,47.7,2.3,49.9
1.50,50.0,47.6,2.4,46.0
1.51,50.0,47.7,2.3,50.2
1.52,50.0,47.7,2.3,47.2
1.53,50.0,47.7,2.3,48.0
1.54,50.0,47.7,2.3,47.0
1.55,50.0,47.8,2.2,50.7
1.56,50.0,47.7,2.3,44.6
1.57,50.0,47.9,2.1,51.5
1.58,50.0,47.7,2.3,44.0
1.59,50.0,47.9,2.1,52.1
1.60,50.0,47.7,2.3,44.1
1.61,50.0,48.0,2.0,52.8
1.62,50.0,47.8,2.2,45.1
1.63,50.0,47.9,2.1,49.2
1.64,50.0,47.9,2.1,47.3
1.65,50.0,48.0,2.0,50.1
1.66,50.0,47.9,2.1,47.3
1.67,50.0,47.9,2.1,46.6
1.68,50.0,47.9,2.1,48.6
1.69,50.0,47.9,2.1,48.1
1.70,50.0,48.0,2.0,49.7
1.71,50.0,48.0,2.0,47.4
1.72,50.0,48.0,2.0,48.9
1.73,50.0,48.0,2.0,47.3
1.74,50.0,48.1,1.9,49.6
1.75,50.0,48.0,2.0,45.9
1.76,50.0,48.1,1.9,51.3
1.77,50.0,48.0,2.0,46.7
1.78,50.0,48.1,1.9,49.9
1.79,50.0,48.0,2.0,46.2
1.80,50.0,48.1,1.9,49.8
1.81,50.0,48.1,1.9,46.5
1.82,50.0,48.1,1.9,49.1
1.83,50.0,48.1,1.9,48.8
1.84,50.0,48.1,1.9,46.8
1.85,50.0,48.2,1.8,49.9
1.86,50.0,48.2,1.8,49.1
1.87,50.0,48.1,1.9,46.2
1.88,50.0,48.3,1.7,51.8
1.89,50.0,48.1,1.9,44.9
1.90,50.0,48.3,1.7,51.4
1.91,50.0,48.1,1.9,45.5
1.92,50.0,48.2,1.8,49.7
1.93,50.0,48.2,1.8,48.5
1.94,50.0,48.3,1.7,50.1
1.95,50.0,48.2,1.8,45.9
1.96,50.0,48.3,1.7,49.8
1.97,50.0,48.3,1.7,47.7
1.98,50.0,48.3,1.7,49.6
1.99,50.0,48.4,1.6,49.3
2.00,50.0,48.3,1.7,47.7
2.01,50.0,48.3,1.7,47.4
2.02,50.0,48.4,1.6,50.9
2.03,50.0,48.4,1.6,48.0
2.04,50.0,48.4,1.6,47.9
2.05,50.0,48.4,1.6,49.4
2.06,50.0,48.4,1.6,47.8
2.07,50.0,48.4,1.6,48.5
2.08,50.0,48.4,1.6,47.9
2.09,50.0,48.5,1.5,50.5
2.10,50.0,48.4,1.6,47.7
2.11,50.0,48.5,1.5,49.3
2.12,50.0,48.4,1.6,46.9
2.13,50.0,48.6,1.4,51.7
2.14,50.0,48.4,1.6,44.5
2.15,50.0,48.6,1.4,53.9
2.16,50.0,48.5,1.5,45.4
2.17,50.0,48.6,1.4,49.8
2.18,50.0,48.6,1.4,48.5
2.19,50.0,48.5,1.5,47.8
2.20,50.0,48.6,1.4,50.6
2.21,50.0,48.6,1.4,47.9
2.22,50.0,48.5,1.5,47.0
2.23,50.0,48.7,1.3,51.9
2.24,50.0,48.5,1.5,45.9
2.25,50.0,48.6,1.4,49.3
2.26,50.0,48.6,1.4,50.0
2.27,50.0,48.6,1.4,48.0
2.28,50.0,48.6,1.4,49.2
2.29,50.0,48.6,1.4,47.2
2.30,50.0,48.7,1.3,52.1
2.31,50.0,48.6,1.4,45.7
2.32,50.0,48.8,1.2,52.0
2.33,50.0,48.6,1.4,45.1
2.34,50.0,48.8,1.2,52.8
2.35,50.0,48.6,1.4,44.3
2.36,50.0,48.8,1.2,54.0
2.37,50.0,48.6,1.4,44.0
2.38,50.0,48.8,1.2,53.1
2.39,50.0,48.7,1.3,46.0
2.40,50.0,48.8,1.2,51.9
2.41,50.0,48.8,1.2,47.3
2.42,50.0,48.7,1.3,48.1
2.43,50.0,48.7,1.3,48.8
2.44,50.0,48.9,1.1,51.3
2.45,50.0,48.7,1.3,46.2
2.46,50.0,48.8,1.2,50.3
2.47,50.0,48.7,1.3,47.0
2.48,50.0,48.9,1.1,52.2
2.49,50.0,48.8,1.2,46.4
2.50,50.0,48.9,1.1,50.5
2.51,50.0,48.8,1.2,48.6
2.52,50.0,48.8,1.2,49.0
2.53,50.0,48.8,1.2,47.6
2.54,50.0,48.9,1.1,51.6
2.55,50.0,48.9,1.1,48.2
2.56,50.0,48.9,1.1,49.4
2.57,50.0,48.8,1.2,46.6
2.58,50.0,48.9,1.1,50.7
2.59,50.0,48.9,1.1,47.9
2.60,50.0,48.9,1.1,50.0
2.61,50.0,48.9,1.1,49.4
2.62,50.0,48.9,1.1,48.4
2.63,50.0,48.9,1.1,49.5
2.64,50.0,49.0,1.0,50.1
2.65,50.0,48.9,1.1,46.7
2.66,50.0,49.0,1.0,51.2
2.67,50.0,48.9,1.1,46.4
2.68,50.0,49.0,1.0,50.6
2.69,50.0,48.9,1.1,48.2
2.70,50.0,48.9,1.1,49.3
2.71,50.0,49.0,1.0,50.7
2.72,50.0,48.9,1.1,46.6
2.73,50.0,49.1,0.9,52.0
2.74,50.0,48.9,1.1,45.8
2.75,50.0,49.1,0.9,53.6
2.76,50.0,48.9,1.1,44.1
2.77,50.0,49.0,1.0,51.8
2.78,50.0,49.0,1.0,48.5
2.79,50.0,49.0,1.0,49.6
2.80,50.0,49.0,1.0,47.8
2.81,50.0,49.1,0.9,51.4
2.82,50.0,49.0,1.0,48.2
2.83,50.0,49.0,1.0,49.1
2.84,50.0,49.0,1.0,48.6
2.85,50.0,49.0,1.0,49.4
2.86,50.0,49.0,1.0,49.0
2.87,50.0,49.0,1.0,48.9
2.88,50.0,49.1,0.9,50.3
2.89,50.0,49.1,0.9,48.5
2.90,50.0,49.1,0.9,49.9
2.91,50.0,49.1,0.9,50.0
2.92,50.0,49.0,1.0,47.1
2.93,50.0,49.1,0.9,50.2
2.94,50.0,49.1,0.9,50.0
2.95,50.0,49.0,1.0,47.1
2.96,50.0,49.2,0.8,53.0
2.97,50.0,49.1,0.9,47.1
2.98,50.0,49.2,0.8,50.9
2.99,50.0,49.2,0.8,48.5
3.00,50.0,49.2,0.8,49.5
3.01,50.0,49.2,0.8,49.7
3.02,50.0,49.2,0.8,49.0
3.03,50.0,49.1,0.9,47.4
3.04,50.0,49.2,0.8,51.4
3.05,50.0,49.2,0.8,49.3
3.06,50.0,49.2,0.8,47.8
3.07,50.0,49.2,0.8,49.2
3.08,50.0,49.2,0.8,48.9
3.09,50.0,49.2,0.8,49.8
3.10,50.0,49.2,0.8,49.9
3.11,50.0,49.2,0.8,47.9
3.12,50.0,49.3,0.7,51.3
3.13,50.0,49.2,0.8,48.5
3.14,50.0,49.3,0.7,50.6
3.15,50.0,49.3,0.7,48.9
3.16,50.0,49.3,0.7,49.2
3.17,50.0,49.3,0.7,49.1
3.18,50.0,49.3,0.7,50.2
3.19,50.0,49.3,0.7,49.2
3.20,50.0,49.2,0.8,47.9
3.21,50.0,49.4,0.6,52.2
3.22,50.0,49.3,0.7,46.8
3.23,50.0,49.3,0.7,50.2
3.24,50.0,49.3,0.7,49.0
3.25,50.0,49.3,0.7,49.8
3.26,50.0,49.3,0.7,49.3
3.27,50.0,49.4,0.6,50.8
3.28,50.0,49.3,0.7,47.6
3.29,50.0,49.3,0.7,49.9
3.30,50.0,49.3,0.7,48.6
3.31,50.0,49.4,0.6,51.0
3.32,50.0,49.3,0.7,47.4
3.33,50.0,49.4,0.6,51.9
3.34,50.0,49.3,0.7,47.3
3.35,50.0,49.4,0.6,51.0
3.36,50.0,49.3,0.7,47.2
3.37,50.0,49.4,0.6,51.2
3.38,50.0,49.3,0.7,48.4
3.39,50.0,49.4,0.6,51.1
3.40,50.0,49.3,0.7,47.3
3.41,50.0,49.4,0.6,51.7
3.42,50.0,49.4,0.6,48.7
3.43,50.0,49.3,0.7,48.1
3.44,50.0,49.5,0.5,52.1
3.45,50.0,49.3,0.7,47.1
3.46,50.0,49.4,0.6,50.0
3.47,50.0,49.4,0.6,49.2
3.48,50.0,49.4,0.6,49.8
3.49,50.0,49.3,0.7,48.1
3.50,50.0,49.5,0.5,52.6
3.51,50.0,49.4,0.6,48.1
3.52,50.0,49.3,0.7,47.9
3.53,50.0,49.5,0.5,51.4
3.54,50.0,49.4,0.6,47.9
3.55,50.0,49.5,0.5,50.9
3.56,50.0,49.5,0.5,49.7
3.57,50.0,49.4,0.6,47.8
3.58,50.0,49.5,0.5,50.9
3.59,50.0,49.4,0.6,48.8
3.60,50.0,49.4,0.6,50.0
3.61,50.0,49.4,0.6,48.3
3.62,50.0,49.5,0.5,51.6
3.63,50.0,49.4,0.6,47.9
3.64,50.0,49.5,0.5,51.6
3.65,50.0,49.5,0.5,48.7
3.66,50.0,49.4,0.6,47.8
3.67,50.0,49.5,0.5,51.6
3.68,50.0,49.4,0.6,47.3
3.69,50.0,49.5,0.5,51.9
3.70,50.0,49.4,0.6,46.9
3.71,50.0,49.6,0.4,53.5
3.72,50.0,49.5,0.5,47.2
3.73,50.0,49.5,0.5,50.7
3.74,50.0,49.5,0.5,48.6
3.75,50.0,49.5,0.5,50.4
3.76,50.0,49.5,0.5,48.2
3.77,50.0,49.6,0.4,52.2
3.78,50.0,49.5,0.5,47.0
3.79,50.0,49.5,0.5,50.9
3.80,50.0,49.6,0.4,49.9
3.81,50.0,49.5,0.5,49.1
3.82,50.0,49.6,0.4,50.0
3.83,50.0,49.5,0.5,47.6
3.84,50.0,49.5,0.5,50.5
3.85,50.0,49.5,0.5,49.5
3.86,50.0,49.6,0.4,50.9
3.87,50.0,49.5,0.5,48.2
3.88,50.0,49.5,0.5,50.1
3.89,50.0,49.5,0.5,48.8
3.90,50.0,49.6,0.4,50.4
3.91,50.0,49.6,0.4,49.7
3.92,50.0,49.6,0.4,50.0
3.93,50.0,49.5,0.5,48.1
3.94,50.0,49.6,0.4,51.1
3.95,50.0,49.6,0.4,49.9
3.96,50.0,49.6,0.4,48.6
3.97,50.0,49.6,0.4,50.6
3.98,50.0,49.5,0.5,48.4
3.99,50.0,49.5,0.5,49.7
4.00,50.0,49.6,0.4,49.9
4.01,50.0,49.7,0.3,51.3
4.02,50.0,49.6,0.4,48.9
4.03,50.0,49.6,0.4,48.3
4.04,50.0,49.7,0.3,51.7
4.05,50.0,49.6,0.4,48.6
4.06,50.0,49.7,0.3,50.9
4.07,50.0,49.6,0.4,48.9
4.08,50.0,49.6,0.4,48.2
4.09,50.0,49.6,0.4,51.4
4.10,50.0,49.7,0.3,49.7
4.11,50.0,49.6,0.4,49.1
4.12,50.0,49.7,0.3,50.8
4.13,50.0,49.5,0.5,47.0
4.14,50.0,49.7,0.3,52.6
4.15,50.0,49.5,0.5,46.6
4.16,50.0,49.7,0.3,52.5
4.17,50.0,49.7,0.3,49.2
4.18,50.0,49.6,0.4,49.0
4.19,50.0,49.6,0.4,49.1
4.20,50.0,49.6,0.4,49.8
4.21,50.0,49.7,0.3,50.8
4.22,50.0,49.7,0.3,49.2
4.23,50.0,49.7,0.3,50.2
4.24,50.0,49.6,0.4,48.2
4.25,50.0,49.7,0.3,51.4
4.26,50.0,49.6,0.4,48.5
4.27,50.0,49.7,0.3,51.4
4.28,50.0,49.6,0.4,48.1
4.29,50.0,49.7,0.3,50.4
4.30,50.0,49.6,0.4,48.0
4.31,50.0,49.6,0.4,50.2
4.32,50.0,49.6,0.4,49.6
4.33,50.0,49.7,0.3,52.1
4.34,50.0,49.7,0.3,48.1
4.35,50.0,49.7,0.3,51.1
4.36,50.0,49.6,0.4,47.3
4.37,50.0,49.8,0.2,52.6
4.38,50.0,49.6,0.4,45.9
4.39,50.0,49.7,0.3,51.9
4.40,50.0,49.6,0.4,48.0
4.41,50.0,49.7,0.3,52.0
4.42,50.0,49.7,0.3,49.5
4.43,50.0,49.7,0.3,49.8
4.44,50.0,49.7,0.3,48.6
4.45,50.0,49.7,0.3,49.7
4.46,50.0,49.8,0.2,52.1
4.47,50.0,49.6,0.4,46.4
4.48,50.0,49.7,0.3,52.0
4.49,50.0,49.7,0.3,49.2
4.50,50.0,49.8,0.2,50.8
4.51,50.0,49.6,0.4,47.3
4.52,50.0,49.8,0.2,53.1
4.53,50.0,49.6,0.4,45.9
4.54,50.0,49.8,0.2,52.9
4.55,50.0,49.6,0.4,47.0
4.56,50.0,49.8,0.2,53.3
4.57,50.0,49.6,0.4,45.5
4.58,50.0,49.7,0.3,52.6
4.59,50.0,49.7,0.3,47.9
4.60,50.0,49.8,0.2,52.3
4.61,50.0,49.7,0.3,48.0
4.62,50.0,49.7,0.3,49.2
4.63,50.0,49.8,0.2,51.2
4.64,50.0,49.8,0.2,49.7
4.65,50.0,49.7,0.3,49.4
4.66,50.0,49.8,0.2,51.1
4.67,50.0,49.7,0.3,47.7
4.68,50.0,49.8,0.2,52.4
4.69,50.0,49.8,0.2,48.6
4.70,50.0,49.7,0.3,48.0
4.71,50.0,49.8,0.2,52.6
4.72,50.0,49.7,0.3,47.3
4.73,50.0,49.7,0.3,50.5
4.74,50.0,49.8,0.2,50.3
4.75,50.0,49.7,0.3,48.8
4.76,50.0,49.8,0.2,50.7
4.77,50.0,49.8,0.2,50.3
4.78,50.0,49.8,0.2,49.8
4.79,50.0,49.7,0.3,48.1
4.80,50.0,49.9,0.1,52.7
4.81,50.0,49.7,0.3,46.5
4.82,50.0,49.8,0.2,51.0
4.83,50.0,49.7,0.3,49.3
4.84,50.0,49.8,0.2,51.4
4.85,50.0,49.7,0.3,48.1
4.86,50.0,49.8,0.2,51.7
4.87,50.0,49.7,0.3,47.9
4.88,50.0,49.8,0.2,51.9
4.89,50.0,49.7,0.3,47.3
4.90,50.0,49.8,0.2,51.5
4.91,50.0,49.7,0.3,48.6
4.92,50.0,49.8,0.2,51.8
4.93,50.0,49.7,0.3,47.4
4.94,50.0,49.7,0.3,50.1
4.95,50.0,49.8,0.2,50.5
4.96,50.0,49.7,0.3,48.9
4.97,50.0,49.9,0.1,52.3
4.98,50.0,49.7,0.3,46.4
4.99,50.0,49.8,0.2,52.2
5.00,50.0,49.3,0.7,48.5
5.01,50.0,49.3,0.7,59.4
5.02,50.0,48.8,1.2,50.2
5.03,50.0,48.9,1.1,59.8
5.04,50.0,48.7,1.3,55.0
5.05,50.0,48.6,1.4,57.6
5.06,50.0,48.5,1.5,56.4
5.07,50.0,48.5,1.5,57.6
5.08,50.0,48.4,1.6,57.9
5.09,50.0,48.4,1.6,57.8
5.10,50.0,48.3,1.7,57.2
5.11,50.0,48.3,1.7,57.9
5.12,50.0,48.3,1.7,58.8
5.13,50.0,48.2,1.8,55.8
5.14,50.0,48.3,1.7,60.6
5.15,50.0,48.2,1.8,56.2
5.16,50.0,48.4,1.6,61.3
5.17,50.0,48.3,1.7,56.9
5.18,50.0,48.3,1.7,58.8
5.19,50.0,48.2,1.8,56.4
5.20,50.0,48.3,1.7,59.4
5.21,50.0,48.4,1.6,59.5
5.22,50.0,48.3,1.7,56.5
5.23,50.0,48.3,1.7,59.0
5.24,50.0,48.4,1.6,59.8
5.25,50.0,48.3,1.7,56.7
5.26,50.0,48.4,1.6,60.2
5.27,50.0,48.3,1.7,56.7
5.28,50.0,48.3,1.7,59.1
5.29,50.0,48.4,1.6,60.0
5.30,50.0,48.4,1.6,58.3
5.31,50.0,48.4,1.6,58.1
5.32,50.0,48.5,1.5,59.5
5.33,50.0,48.4,1.6,56.9
5.34,50.0,48.5,1.5,61.4
5.35,50.0,48.4,1.6,55.7
5.36,50.0,48.5,1.5,61.0
5.37,50.0,48.5,1.5,57.6
5.38,50.0,48.5,1.5,59.7
5.39,50.0,48.5,1.5,58.7
5.40,50.0,48.5,1.5,58.0
5.41,50.0,48.6,1.4,59.7
5.42,50.0,48.5,1.5,56.3
5.43,50.0,48.5,1.5,59.4
5.44,50.0,48.6,1.4,59.7
5.45,50.0,48.5,1.5,57.9
5.46,50.0,48.6,1.4,59.2
5.47,50.0,48.6,1.4,58.3
5.48,50.0,48.6,1.4,58.7
5.49,50.0,48.5,1.5,58.1
5.50,50.0,48.6,1.4,59.5
5.51,50.0,48.6,1.4,59.7
5.52,50.0,48.6,1.4,58.4
5.53,50.0,48.7,1.3,59.4
5.54,50.0,48.6,1.4,58.1
5.55,50.0,48.7,1.3,60.3
5.56,50.0,48.7,1.3,57.5
5.57,50.0,48.7,1.3,59.3
5.58,50.0,48.7,1.3,57.9
5.59,50.0,48.8,1.2,61.1
5.60,50.0,48.7,1.3,57.2
5.61,50.0,48.8,1.2,60.0
5.62,50.0,48.7,1.3,58.2
5.63,50.0,48.7,1.3,59.1
5.64,50.0,48.7,1.3,57.3
5.65,50.0,48.8,1.2,61.4
5.66,50.0,48.8,1.2,58.2
5.67,50.0,48.8,1.2,59.3
5.68,50.0,48.7,1.3,56.5
5.69,50.0,48.8,1.2,60.8
5.70,50.0,48.8,1.2,59.4
5.71,50.0,48.7,1.3,56.4
5.72,50.0,48.8,1.2,60.6
5.73,50.0,48.7,1.3,57.9
5.74,50.0,48.9,1.1,61.6
5.75,50.0,48.7,1.3,55.9
5.76,50.0,48.8,1.2,60.7
5.77,50.0,48.8,1.2,57.5
5.78,50.0,48.9,1.1,62.1
5.79,50.0,48.8,1.2,55.8
5.80,50.0,48.9,1.1,60.4
5.81,50.0,48.9,1.1,59.9
5.82,50.0,48.8,1.2,57.5
5.83,50.0,48.8,1.2,58.8
5.84,50.0,48.8,1.2,58.8
5.85,50.0,48.9,1.1,60.4
5.86,50.0,48.9,1.1,58.6
5.87,50.0,48.8,1.2,57.5
5.88,50.0,48.9,1.1,60.7
5.89,50.0,48.9,1.1,58.6
5.90,50.0,48.9,1.1,58.1
5.91,50.0,48.9,1.1,60.2
5.92,50.0,48.9,1.1,58.1
5.93,50.0,48.9,1.1,60.0
5.94,50.0,49.0,1.0,59.9
5.95,50.0,48.9,1.1,58.0
5.96,50.0,49.0,1.0,60.7
5.97,50.0,48.9,1.1,57.4
5.98,50.0,49.1,0.9,61.5
5.99,50.0,48.9,1.1,55.8
6.00,50.0,49.0,1.0,61.0
6.01,50.0,49.0,1.0,59.7
6.02,50.0,49.0,1.0,58.3
6.03,50.0,49.0,1.0,59.6
6.04,50.0,49.0,1.0,58.1
6.05,50.0,49.0,1.0,60.0
6.06,50.0,49.1,0.9,59.7
6.07,50.0,49.1,0.9,59.0
6.08,50.0,49.0,1.0,58.0
6.09,50.0,49.1,0.9,60.9
6.10,50.0,49.0,1.0,57.7
6.11,50.0,49.1,0.9,61.0
6.12,50.0,49.0,1.0,56.5
6.13,50.0,49.1,0.9,61.5
6.14,50.0,49.0,1.0,57.2
6.15,50.0,49.1,0.9,59.6
6.16,50.0,49.1,0.9,59.8
6.17,50.0,49.0,1.0,57.8
6.18,50.0,49.1,0.9,59.8
6.19,50.0,49.2,0.8,61.5
6.20,50.0,49.0,1.0,55.8
6.21,50.0,49.2,0.8,63.2
6.22,50.0,49.0,1.0,55.3
6.23,50.0,49.2,0.8,61.8
6.24,50.0,49.1,0.9,57.7
6.25,50.0,49.1,0.9,59.3
6.26,50.0,49.3,0.7,61.9
6.27,50.0,49.1,0.9,55.3
6.28,50.0,49.2,0.8,62.6
6.29,50.0,49.2,0.8,57.7
6.30,50.0,49.3,0.7,61.1
6.31,50.0,49.2,0.8,57.4
6.32,50.0,49.2,0.8,59.9
6.33,50.0,49.3,0.7,60.5
6.34,50.0,49.2,0.8,57.7
6.35,50.0,49.2,0.8,59.1
6.36,50.0,49.2,0.8,60.1
6.37,50.0,49.2,0.8,58.9
6.38,50.0,49.3,0.7,61.2
6.39,50.0,49.3,0.7,58.5
6.40,50.0,49.3,0.7,59.4
6.41,50.0,49.2,0.8,57.6
6.42,50.0,49.4,0.6,62.5
6.43,50.0,49.2,0.8,56.4
6.44,50.0,49.4,0.6,62.4
6.45,50.0,49.2,0.8,56.7
6.46,50.0,49.3,0.7,61.3
6.47,50.0,49.3,0.7,57.8
6.48,50.0,49.3,0.7,61.0
6.49,50.0,49.2,0.8,57.0
6.50,50.0,49.4,0.6,62.9
6.51,50.0,49.2,0.8,55.0
6.52,50.0,49.3,0.7,61.9
6.53,50.0,49.3,0.7,58.9
6.54,50.0,49.3,0.7,59.3
6.55,50.0,49.3,0.7,58.4
6.56,50.0,49.4,0.6,61.3
6.57,50.0,49.4,0.6,59.3
6.58,50.0,49.3,0.7,58.0
6.59,50.0,49.4,0.6,61.1
6.60,50.0,49.4,0.6,59.5
6.61,50.0,49.3,0.7,58.0
6.62,50.0,49.4,0.6,61.1
6.63,50.0,49.4,0.6,58.5
6.64,50.0,49.3,0.7,58.3
6.65,50.0,49.4,0.6,61.5
6.66,50.0,49.3,0.7,57.6
6.67,50.0,49.4,0.6,61.3
6.68,50.0,49.4,0.6,59.0
6.69,50.0,49.4,0.6,58.4
6.70,50.0,49.4,0.6,60.2
6.71,50.0,49.4,0.6,59.1
6.72,50.0,49.4,0.6,59.7
6.73,50.0,49.4,0.6,60.2
6.74,50.0,49.4,0.6,58.7
6.75,50.0,49.4,0.6,58.5
6.76,50.0,49.4,0.6,60.2
6.77,50.0,49.5,0.5,61.2
6.78,50.0,49.4,0.6,57.1
6.79,50.0,49.4,0.6,60.9
6.80,50.0,49.4,0.6,59.3
6.81,50.0,49.5,0.5,59.8
6.82,50.0,49.4,0.6,57.3
6.83,50.0,49.5,0.5,61.5
6.84,50.0,49.4,0.6,58.3
6.85,50.0,49.4,0.6,59.6
6.86,50.0,49.4,0.6,59.3
6.87,50.0,49.5,0.5,61.4
6.88,50.0,49.4,0.6,57.1
6.89,50.0,49.4,0.6,60.3
6.90,50.0,49.5,0.5,59.9
6.91,50.0,49.5,0.5,61.0
6.92,50.0,49.4,0.6,56.9
6.93,50.0,49.5,0.5,61.5
6.94,50.0,49.4,0.6,57.8
6.95,50.0,49.6,0.4,62.1
6.96,50.0,49.4,0.6,56.2
6.97,50.0,49.5,0.5,61.8
6.98,50.0,49.5,0.5,59.3
6.99,50.0,49.6,0.4,60.6
7.00,50.0,49.5,0.5,57.8
7.01,50.0,49.6,0.4,61.8
7.02,50.0,49.4,0.6,56.3
7.03,50.0,49.6,0.4,63.9
7.04,50.0,49.4,0.6,54.6
7.05,50.0,49.6,0.4,63.5
7.06,50.0,49.5,0.5,57.1
7.07,50.0,49.6,0.4,62.4
7.08,50.0,49.5,0.5,56.7
7.09,50.0,49.5,0.5,60.6
7.10,50.0,49.6,0.4,60.1
7.11,50.0,49.5,0.5,57.8
7.12,50.0,49.6,0.4,62.3
7.13,50.0,49.4,0.6,56.3
7.14,50.0,49.6,0.4,62.1
7.15,50.0,49.5,0.5,57.3
7.16,50.0,49.5,0.5,61.1
7.17,50.0,49.5,0.5,59.2
7.18,50.0,49.6,0.4,61.7
7.19,50.0,49.5,0.5,57.8
7.20,50.0,49.5,0.5,59.7
7.21,50.0,49.6,0.4,59.7
7.22,50.0,49.6,0.4,59.6
7.23,50.0,49.6,0.4,60.5
7.24,50.0,49.6,0.4,59.4
7.25,50.0,49.6,0.4,59.9
7.26,50.0,49.6,0.4,59.0
7.27,50.0,49.5,0.5,58.6
7.28,50.0,49.6,0.4,61.9
7.29,50.0,49.6,0.4,58.6
7.30,50.0,49.5,0.5,58.6
7.31,50.0,49.6,0.4,60.1
7.32,50.0,49.6,0.4,59.0
7.33,50.0,49.7,0.3,61.9
7.34,50.0,49.5,0.5,56.6
7.35,50.0,49.6,0.4,62.0
7.36,50.0,49.7,0.3,60.0
7.37,50.0,49.5,0.5,57.2
7.38,50.0,49.7,0.3,62.9
7.39,50.0,49.6,0.4,57.4
7.40,50.0,49.7,0.3,61.7
7.41,50.0,49.6,0.4,58.3
7.42,50.0,49.7,0.3,61.5
7.43,50.0,49.6,0.4,57.6
7.44,50.0,49.7,0.3,61.8
7.45,50.0,49.6,0.4,58.2
7.46,50.0,49.6,0.4,59.7
7.47,50.0,49.6,0.4,59.6
7.48,50.0,49.6,0.4,58.7
7.49,50.0,49.6,0.4,60.6
7.50,50.0,49.6,0.4,59.1
7.51,50.0,49.6,0.4,59.4
7.52,50.0,49.6,0.4,60.3
7.53,50.0,49.7,0.3,60.0
7.54,50.0,49.7,0.3,60.2
7.55,50.0,49.7,0.3,59.7
7.56,50.0,49.7,0.3,59.8
7.57,50.0,49.7,0.3,59.1
7.58,50.0,49.6,0.4,59.2
7.59,50.0,49.7,0.3,61.1
7.60,50.0,49.7,0.3,59.2
7.61,50.0,49.7,0.3,60.8
7.62,50.0,49.6,0.4,57.0
7.63,50.0,49.7,0.3,61.6
7.64,50.0,49.6,0.4,57.7
7.65,50.0,49.7,0.3,62.2
7.66,50.0,49.6,0.4,57.9
7.67,50.0,49.7,0.3,61.1
7.68,50.0,49.6,0.4,57.7
7.69,50.0,49.7,0.3,61.5
7.70,50.0,49.6,0.4,58.5
7.71,50.0,49.7,0.3,61.4
7.72,50.0,49.7,0.3,59.8
7.73,50.0,49.7,0.3,58.6
7.74,50.0,49.7,0.3,59.9
7.75,50.0,49.7,0.3,59.2
7.76,50.0,49.7,0.3,59.3
7.77,50.0,49.8,0.2,62.5
7.78,50.0,49.6,0.4,56.6
7.79,50.0,49.7,0.3,60.7
7.80,50.0,49.8,0.2,61.7
7.81,50.0,49.6,0.4,57.0
7.82,50.0,49.8,0.2,62.2
7.83,50.0,49.7,0.3,58.3
7.84,50.0,49.8,0.2,61.4
7.85,50.0,49.7,0.3,57.3
7.86,50.0,49.8,0.2,62.2
7.87,50.0,49.6,0.4,56.7
7.88,50.0,49.7,0.3,61.4
7.89,50.0,49.7,0.3,59.7
7.90,50.0,49.7,0.3,59.0
7.91,50.0,49.7,0.3,59.4
7.92,50.0,49.8,0.2,62.7
7.93,50.0,49.7,0.3,56.9
7.94,50.0,49.8,0.2,61.6
7.95,50.0,49.8,0.2,59.7
7.96,50.0,49.8,0.2,59.6
7.97,50.0,49.8,0.2,60.1
7.98,50.0,49.8,0.2,60.4
7.99,50.0,49.7,0.3,58.4
8.00,50.0,50.2,-0.2,59.9
8.01,50.0,50.4,-0.4,53.2
8.02,50.0,50.6,-0.6,54.5
8.03,50.0,50.7,-0.7,52.3
8.04,50.0,50.9,-0.9,56.0
8.05,50.0,51.0,-1.0,52.0
8.06,50.0,51.0,-1.0,51.9
8.07,50.0,51.1,-1.1,52.6
8.08,50.0,51.2,-1.2,52.9
8.09,50.0,51.2,-1.2,51.6
8.10,50.0,51.2,-1.2,51.8
8.11,50.0,51.2,-1.2,50.5
8.12,50.0,51.3,-1.3,53.8
8.13,50.0,51.2,-1.2,49.1
8.14,50.0,51.3,-1.3,52.6
8.15,50.0,51.3,-1.3,51.6
8.16,50.0,51.3,-1.3,52.0
8.17,50.0,51.3,-1.3,51.2
8.18,50.0,51.3,-1.3,50.3
8.19,50.0,51.4,-1.4,52.8
8.20,50.0,51.3,-1.3,50.1
8.21,50.0,51.3,-1.3,52.0
8.22,50.0,51.2,-1.2,49.6
8.23,50.0,51.3,-1.3,52.7
8.24,50.0,51.3,-1.3,51.1
8.25,50.0,51.3,-1.3,51.4
8.26,50.0,51.2,-1.2,49.4
8.27,50.0,51.3,-1.3,53.1
8.28,50.0,51.2,-1.2,49.4
8.29,50.0,51.2,-1.2,51.1
8.30,50.0,51.2,-1.2,51.6
8.31,50.0,51.2,-1.2,50.3
8.32,50.0,51.3,-1.3,53.2
8.33,50.0,51.1,-1.1,48.4
8.34,50.0,51.3,-1.3,53.5
8.35,50.0,51.1,-1.1,48.3
8.36,50.0,51.2,-1.2,52.3
8.37,50.0,51.2,-1.2,51.8
8.38,50.0,51.1,-1.1,49.0
8.39,50.0,51.2,-1.2,53.7
8.40,50.0,51.1,-1.1,48.3
8.41,50.0,51.1,-1.1,51.8
8.42,50.0,51.1,-1.1,50.6
8.43,50.0,51.2,-1.2,52.7
8.44,50.0,51.1,-1.1,49.8
8.45,50.0,51.1,-1.1,51.1
8.46,50.0,51.1,-1.1,51.6
8.47,50.0,51.1,-1.1,51.3
8.48,50.0,51.0,-1.0,49.1
8.49,50.0,51.1,-1.1,53.1
8.50,50.0,51.0,-1.0,48.3
8.51,50.0,51.1,-1.1,54.0
8.52,50.0,51.0,-1.0,48.7
8.53,50.0,51.1,-1.1,51.7
8.54,50.0,51.0,-1.0,49.6
8.55,50.0,51.1,-1.1,53.4
8.56,50.0,51.0,-1.0,48.5
8.57,50.0,51.0,-1.0,52.3
8.58,50.0,51.0,-1.0,49.6
8.59,50.0,51.0,-1.0,52.2
8.60,50.0,51.0,-1.0,49.5
8.61,50.0,51.0,-1.0,51.3
8.62,50.0,51.0,-1.0,52.2
8.63,50.0,50.9,-0.9,48.3
8.64,50.0,51.0,-1.0,52.3
8.65,50.0,51.0,-1.0,51.3
8.66,50.0,50.9,-0.9,49.9
8.67,50.0,51.0,-1.0,51.8
8.68,50.0,50.9,-0.9,50.0
8.69,50.0,51.0,-1.0,52.4
8.70,50.0,50.8,-0.8,47.9
8.71,50.0,51.0,-1.0,53.9
8.72,50.0,50.9,-0.9,49.3
8.73,50.0,51.0,-1.0,51.9
8.74,50.0,50.9,-0.9,49.5
8.75,50.0,50.9,-0.9,50.2
8.76,50.0,50.8,-0.8,50.8
8.77,50.0,51.0,-1.0,53.3
8.78,50.0,50.8,-0.8,46.8
8.79,50.0,51.0,-1.0,55.6
8.80,50.0,50.8,-0.8,46.6
8.81,50.0,50.9,-0.9,53.7
8.82,50.0,50.8,-0.8,47.7
8.83,50.0,50.9,-0.9,53.0
8.84,50.0,50.8,-0.8,48.7
8.85,50.0,50.8,-0.8,52.1
8.86,50.0,50.8,-0.8,50.3
8.87,50.0,50.8,-0.8,50.7
8.88,50.0,50.8,-0.8,51.5
8.89,50.0,50.8,-0.8,49.7
8.90,50.0,50.9,-0.9,52.2
8.91,50.0,50.8,-0.8,49.7
8.92,50.0,50.8,-0.8,50.3
8.93,50.0,50.8,-0.8,51.7
8.94,50.0,50.8,-0.8,51.2
8.95,50.0,50.7,-0.7,48.9
8.96,50.0,50.7,-0.7,50.8
8.97,50.0,50.8,-0.8,52.1
8.98,50.0,50.7,-0.7,48.7
8.99,50.0,50.8,-0.8,53.0
9.00,50.0,50.7,-0.7,47.6
9.01,50.0,50.8,-0.8,53.8
9.02,50.0,50.8,-0.8,50.1
9.03,50.0,50.8,-0.8,50.8
9.04,50.0,50.7,-0.7,50.1
9.05,50.0,50.7,-0.7,50.0
9.06,50.0,50.7,-0.7,51.2
9.07,50.0,50.7,-0.7,49.5
9.08,50.0,50.8,-0.8,52.3
9.09,50.0,50.7,-0.7,50.4
9.10,50.0,50.7,-0.7,50.9
9.11,50.0,50.7,-0.7,50.5
9.12,50.0,50.8,-0.8,51.0
9.13,50.0,50.7,-0.7,50.2
9.14,50.0,50.7,-0.7,49.7
9.15,50.0,50.8,-0.8,52.3
9.16,50.0,50.6,-0.6,47.4
9.17,50.0,50.7,-0.7,53.1
9.18,50.0,50.7,-0.7,50.5
9.19,50.0,50.7,-0.7,51.1
9.20,50.0,50.7,-0.7,50.5
9.21,50.0,50.7,-0.7,50.3
9.22,50.0,50.6,-0.6,48.8
9.23,50.0,50.7,-0.7,53.5
9.24,50.0,50.6,-0.6,48.0
9.25,50.0,50.6,-0.6,50.9
9.26,50.0,50.7,-0.7,51.2
9.27,50.0,50.6,-0.6,49.1
9.28,50.0,50.6,-0.6,50.9
9.29,50.0,50.6,-0.6,50.1
9.30,50.0,50.6,-0.6,51.2
9.31,50.0,50.7,-0.7,52.0
9.32,50.0,50.6,-0.6,49.3
9.33,50.0,50.6,-0.6,51.2
9.34,50.0,50.6,-0.6,49.7
9.35,50.0,50.6,-0.6,50.0
9.36,50.0,50.6,-0.6,51.8
9.37,50.0,50.5,-0.5,49.0
9.38,50.0,50.6,-0.6,51.7
9.39,50.0,50.6,-0.6,51.1
9.40,50.0,50.5,-0.5,48.5
9.41,50.0,50.6,-0.6,51.6
9.42,50.0,50.5,-0.5,49.8
9.43,50.0,50.6,-0.6,51.1
9.44,50.0,50.5,-0.5,50.3
9.45,50.0,50.6,-0.6,52.1
9.46,50.0,50.5,-0.5,47.4
9.47,50.0,50.6,-0.6,53.7
9.48,50.0,50.6,-0.6,49.5
9.49,50.0,50.5,-0.5,48.4
9.50,50.0,50.5,-0.5,51.8
9.51,50.0,50.5,-0.5,50.5
9.52,50.0,50.6,-0.6,51.2
9.53,50.0,50.5,-0.5,49.3
9.54,50.0,50.6,-0.6,51.7
9.55,50.0,50.5,-0.5,49.5
9.56,50.0,50.5,-0.5,51.3
9.57,50.0,50.5,-0.5,49.0
9.58,50.0,50.5,-0.5,51.5
9.59,50.0,50.5,-0.5,49.2
9.60,50.0,50.6,-0.6,52.4
9.61,50.0,50.5,-0.5,49.6
9.62,50.0,50.4,-0.4,49.2
9.63,50.0,50.5,-0.5,51.4
9.64,50.0,50.4,-0.4,49.7
9.65,50.0,50.4,-0.4,50.4
9.66,50.0,50.4,-0.4,50.5
9.67,50.0,50.5,-0.5,50.8
9.68,50.0,50.5,-0.5,50.5
9.69,50.0,50.5,-0.5,51.6
9.70,50.0,50.4,-0.4,47.8
9.71,50.0,50.5,-0.5,51.7
9.72,50.0,50.5,-0.5,51.8
9.73,50.0,50.4,-0.4,48.9
9.74,50.0,50.5,-0.5,51.3
9.75,50.0,50.5,-0.5,49.9
9.76,50.0,50.5,-0.5,51.6
9.77,50.0,50.5,-0.5,49.6
9.78,50.0,50.4,-0.4,49.8
9.79,50.0,50.4,-0.4,50.2
9.80,50.0,50.4,-0.4,49.6
9.81,50.0,50.5,-0.5,53.5
9.82,50.0,50.4,-0.4,48.2
9.83,50.0,50.5,-0.5,51.8
9.84,50.0,50.5,-0.5,50.1
9.85,50.0,50.4,-0.4,48.3
9.86,50.0,50.5,-0.5,53.5
9.87,50.0,50.4,-0.4,48.3
9.88,50.0,50.4,-0.4,50.0
9.89,50.0,50.5,-0.5,51.9
9.90,50.0,50.4,-0.4,48.2
9.91,50.0,50.4,-0.4,50.7
9.92,50.0,50.5,-0.5,52.5
9.93,50.0,50.3,-0.3,47.2
9.94,50.0,50.5,-0.5,54.1
9.95,50.0,50.3,-0.3,46.6
9.96,50.0,50.5,-0.5,54.3
9.97,50.0,50.3,-0.3,46.8
9.98,50.0,50.5,-0.5,53.6
9.99,50.0,50.4,-0.4,48.0
10.00,75.0,52.8,22.2,100.0
10.01,75.0,55.2,19.8,100.0
10.02,75.0,57.4,17.6,100.0
10.03,75.0,59.6,15.4,100.0
10.04,75.0,61.6,13.4,100.0
10.05,75.0,63.5,11.5,100.0
10.06,75.0,65.0,10.0,93.3
10.07,75.0,66.5,8.5,94.1
10.08,75.0,67.4,7.6,86.2
10.09,75.0,68.4,6.6,86.8
10.10,75.0,69.0,6.0,80.9
10.11,75.0,69.7,5.3,82.2
10.12,75.0,70.1,4.9,78.9
10.13,75.0,70.6,4.4,78.6
10.14,75.0,70.9,4.1,77.6
10.15,75.0,71.3,3.7,77.8
10.16,75.0,71.4,3.6,73.7
10.17,75.0,71.7,3.3,76.7
10.18,75.0,71.8,3.2,75.2
10.19,75.0,71.9,3.1,72.3
10.20,75.0,72.0,3.0,75.4
10.21,75.0,72.1,2.9,73.7
10.22,75.0,72.3,2.7,75.3
10.23,75.0,72.2,2.8,70.8
10.24,75.0,72.4,2.6,75.9
10.25,75.0,72.4,2.6,73.0
10.26,75.0,72.4,2.6,71.4
10.27,75.0,72.5,2.5,74.5
10.28,75.0,72.6,2.4,74.6
10.29,75.0,72.5,2.5,70.6
10.30,75.0,72.7,2.3,76.2
10.31,75.0,72.6,2.4,71.5
10.32,75.0,72.6,2.4,72.1
10.33,75.0,72.7,2.3,75.3
10.34,75.0,72.6,2.4,70.2
10.35,75.0,72.8,2.2,76.6
10.36,75.0,72.6,2.4,69.6
10.37,75.0,72.7,2.3,74.8
10.38,75.0,72.8,2.2,73.7
10.39,75.0,72.8,2.2,72.8
10.40,75.0,72.8,2.2,73.6
10.41,75.0,72.7,2.3,71.2
10.42,75.0,72.9,2.1,76.0
10.43,75.0,72.8,2.2,70.4
10.44,75.0,72.9,2.1,75.1
10.45,75.0,72.8,2.2,71.8
10.46,75.0,72.9,2.1,74.8
10.47,75.0,73.0,2.0,73.2
10.48,75.0,72.9,2.1,71.9
10.49,75.0,73.0,2.0,74.8
10.50,75.0,72.9,2.1,70.4
10.51,75.0,73.1,1.9,77.0
10.52,75.0,72.9,2.1,70.6
10.53,75.0,73.0,2.0,75.0
10.54,75.0,73.0,2.0,72.7
10.55,75.0,73.0,2.0,72.8
10.56,75.0,73.1,1.9,74.9
10.57,75.0,73.1,1.9,72.4
10.58,75.0,73.1,1.9,73.4
10.59,75.0,73.1,1.9,72.9
10.60,75.0,73.2,1.8,74.7
10.61,75.0,73.1,1.9,72.0
10.62,75.0,73.2,1.8,74.4
10.63,75.0,73.1,1.9,71.0
10.64,75.0,73.2,1.8,75.8
10.65,75.0,73.1,1.9,72.3
10.66,75.0,73.1,1.9,72.9
10.67,75.0,73.2,1.8,74.2
10.68,75.0,73.1,1.9,71.8
10.69,75.0,73.3,1.7,76.9
10.70,75.0,73.2,1.8,71.3
10.71,75.0,73.2,1.8,72.4
10.72,75.0,73.2,1.8,74.2
10.73,75.0,73.2,1.8,72.9
10.74,75.0,73.3,1.7,76.1
10.75,75.0,73.2,1.8,70.6
10.76,75.0,73.3,1.7,74.1
10.77,75.0,73.2,1.8,72.8
10.78,75.0,73.4,1.6,76.6
10.79,75.0,73.2,1.8,69.5
10.80,75.0,73.4,1.6,76.4
10.81,75.0,73.3,1.7,71.8
10.82,75.0,73.4,1.6,75.4
10.83,75.0,73.4,1.6,72.9
10.84,75.0,73.3,1.7,72.2
10.85,75.0,73.4,1.6,75.0
10.86,75.0,73.4,1.6,74.0
10.87,75.0,73.4,1.6,73.6
10.88,75.0,73.4,1.6,73.1
10.89,75.0,73.4,1.6,73.8
10.90,75.0,73.4,1.6,72.7
10.91,75.0,73.5,1.5,75.7
10.92,75.0,73.4,1.6,72.2
10.93,75.0,73.4,1.6,73.0
10.94,75.0,73.4,1.6,73.8
10.95,75.0,73.5,1.5,75.5
10.96,75.0,73.5,1.5,73.0
10.97,75.0,73.6,1.4,74.6
10.98,75.0,73.5,1.5,71.5
10.99,75.0,73.6,1.4,76.1
11.00,75.0,73.5,1.5,71.9
11.01,75.0,73.5,1.5,74.0
11.02,75.0,73.6,1.4,74.4
11.03,75.0,73.5,1.5,71.8
11.04,75.0,73.6,1.4,75.9
11.05,75.0,73.6,1.4,73.7
11.06,75.0,73.6,1.4,73.4
11.07,75.0,73.6,1.4,72.5
11.08,75.0,73.7,1.3,76.9
11.09,75.0,73.5,1.5,70.0
11.10,75.0,73.7,1.3,77.7
11.11,75.0,73.6,1.4,71.3
11.12,75.0,73.7,1.3,76.0
11.13,75.0,73.6,1.4,70.9
11.14,75.0,73.8,1.2,77.0
11.15,75.0,73.6,1.4,70.1
11.16,75.0,73.8,1.2,78.4
11.17,75.0,73.6,1.4,69.6
11.18,75.0,73.7,1.3,76.2
11.19,75.0,73.8,1.2,74.3
11.20,75.0,73.7,1.3,71.4
11.21,75.0,73.8,1.2,76.2
11.22,75.0,73.7,1.3,72.6
11.23,75.0,73.8,1.2,75.2
11.24,75.0,73.8,1.2,74.2
11.25,75.0,73.7,1.3,71.6
11.26,75.0,73.8,1.2,75.4
11.27,75.0,73.7,1.3,72.3
11.28,75.0,73.9,1.1,76.8
11.29,75.0,73.7,1.3,70.2
11.30,75.0,73.9,1.1,77.1
11.31,75.0,73.8,1.2,72.5
11.32,75.0,73.9,1.1,75.6
11.33,75.0,73.8,1.2,71.4
11.34,75.0,74.0,1.0,77.7
11.35,75.0,73.8,1.2,69.9
11.36,75.0,74.0,1.0,78.2
11.37,75.0,73.7,1.3,69.1
11.38,75.0,74.0,1.0,79.4
11.39,75.0,73.8,1.2,70.0
11.40,75.0,73.9,1.1,75.6
11.41,75.0,73.9,1.1,73.5
11.42,75.0,73.9,1.1,75.0
11.43,75.0,73.8,1.2,71.7
11.44,75.0,74.0,1.0,77.3
11.45,75.0,73.9,1.1,71.7
11.46,75.0,74.0,1.0,75.8
11.47,75.0,73.9,1.1,71.5
11.48,75.0,73.9,1.1,75.3
11.49,75.0,73.9,1.1,73.5
11.50,75.0,73.9,1.1,74.0
11.51,75.0,73.9,1.1,74.2
11.52,75.0,74.0,1.0,74.9
11.53,75.0,74.0,1.0,74.6
11.54,75.0,73.9,1.1,72.3
11.55,75.0,74.1,0.9,77.4
11.56,75.0,73.9,1.1,70.7
11.57,75.0,74.0,1.0,75.8
11.58,75.0,74.1,0.9,75.0
11.59,75.0,74.0,1.0,73.0
11.60,75.0,74.1,0.9,75.8
11.61,75.0,74.0,1.0,72.0
11.62,75.0,74.1,0.9,75.1
11.63,75.0,74.1,0.9,75.6
11.64,75.0,74.0,1.0,71.5
11.65,75.0,74.1,0.9,75.9
11.66,75.0,74.1,0.9,75.0
11.67,75.0,74.0,1.0,71.6
11.68,75.0,74.1,0.9,76.5
11.69,75.0,74.0,1.0,72.4
11.70,75.0,74.1,0.9,75.4
11.71,75.0,74.1,0.9,74.2
11.72,75.0,74.1,0.9,73.3
11.73,75.0,74.1,0.9,75.0
11.74,75.0,74.2,0.8,75.1
11.75,75.0,74.1,0.9,73.0
11.76,75.0,74.1,0.9,73.6
11.77,75.0,74.2,0.8,76.6
11.78,75.0,74.1,0.9,71.7
11.79,75.0,74.1,0.9,74.8
11.80,75.0,74.1,0.9,74.4
11.81,75.0,74.2,0.8,74.4
11.82,75.0,74.2,0.8,74.2
11.83,75.0,74.2,0.8,73.9
11.84,75.0,74.2,0.8,76.0
11.85,75.0,74.2,0.8,73.6
11.86,75.0,74.3,0.7,75.2
11.87,75.0,74.2,0.8,72.8
11.88,75.0,74.2,0.8,73.8
11.89,75.0,74.2,0.8,75.7
11.90,75.0,74.2,0.8,72.5
11.91,75.0,74.3,0.7,76.7
11.92,75.0,74.1,0.9,71.5
11.93,75.0,74.2,0.8,75.8
11.94,75.0,74.2,0.8,72.9
11.95,75.0,74.2,0.8,75.6
11.96,75.0,74.2,0.8,74.4
11.97,75.0,74.3,0.7,74.6
11.98,75.0,74.3,0.7,74.7
11.99,75.0,74.3,0.7,73.7
12.00,75.0,74.2,0.8,73.1
12.01,75.0,74.3,0.7,76.2
12.02,75.0,74.2,0.8,73.0
12.03,75.0,74.3,0.7,76.5
12.04,75.0,74.3,0.7,72.9
12.05,75.0,74.3,0.7,74.4
12.06,75.0,74.2,0.8,73.2
12.07,75.0,74.4,0.6,77.8
12.08,75.0,74.2,0.8,70.2
12.09,75.0,74.4,0.6,78.9
12.10,75.0,74.2,0.8,69.5
12.11,75.0,74.4,0.6,78.3
12.12,75.0,74.2,0.8,71.2
12.13,75.0,74.4,0.6,76.8
12.14,75.0,74.3,0.7,72.3
12.15,75.0,74.4,0.6,77.8
12.16,75.0,74.3,0.7,71.3
12.17,75.0,74.4,0.6,76.0
12.18,75.0,74.3,0.7,73.1
12.19,75.0,74.3,0.7,75.2
12.20,75.0,74.4,0.6,75.6
12.21,75.0,74.4,0.6,74.4
12.22,75.0,74.4,0.6,73.9
12.23,75.0,74.3,0.7,73.1
12.24,75.0,74.5,0.5,77.0
12.25,75.0,74.3,0.7,72.1
12.26,75.0,74.4,0.6,75.5
12.27,75.0,74.4,0.6,74.1
12.28,75.0,74.4,0.6,75.1
12.29,75.0,74.4,0.6,73.4
12.30,75.0,74.4,0.6,74.9
12.31,75.0,74.4,0.6,73.7
12.32,75.0,74.5,0.5,77.1
12.33,75.0,74.4,0.6,72.5
12.34,75.0,74.4,0.6,74.7
12.35,75.0,74.5,0.5,76.4
12.36,75.0,74.3,0.7,71.1
12.37,75.0,74.5,0.5,78.0
12.38,75.0,74.4,0.6,71.3
12.39,75.0,74.5,0.5,78.2
12.40,75.0,74.4,0.6,71.8
12.41,75.0,74.4,0.6,74.7
12.42,75.0,74.5,0.5,76.6
12.43,75.0,74.5,0.5,73.1
12.44,75.0,74.5,0.5,75.7
12.45,75.0,74.4,0.6,72.2
12.46,75.0,74.5,0.5,76.5
12.47,75.0,74.5,0.5,74.7
12.48,75.0,74.5,0.5,74.7
12.49,75.0,74.5,0.5,73.0
12.50,75.0,74.6,0.4,76.6
12.51,75.0,74.4,0.6,72.0
12.52,75.0,74.5,0.5,76.5
12.53,75.0,74.5,0.5,73.9
12.54,75.0,74.5,0.5,75.1
12.55,75.0,74.5,0.5,73.8
12.56,75.0,74.5,0.5,73.8
12.57,75.0,74.5,0.5,74.7
12.58,75.0,74.5,0.5,74.2
12.59,75.0,74.6,0.4,77.2
12.60,75.0,74.4,0.6,71.1
12.61,75.0,74.6,0.4,78.8
12.62,75.0,74.4,0.6,70.7
12.63,75.0,74.6,0.4,77.8
12.64,75.0,74.5,0.5,71.5
12.65,75.0,74.5,0.5,76.1
12.66,75.0,74.5,0.5,73.4
12.67,75.0,74.6,0.4,76.8
12.68,75.0,74.5,0.5,72.9
12.69,75.0,74.5,0.5,74.4
12.70,75.0,74.5,0.5,74.3
12.71,75.0,74.5,0.5,74.4
12.72,75.0,74.5,0.5,74.5
12.73,75.0,74.6,0.4,77.2
12.74,75.0,74.6,0.4,73.1
12.75,75.0,74.6,0.4,75.3
12.76,75.0,74.5,0.5,72.9
12.77,75.0,74.7,0.3,77.9
12.78,75.0,74.4,0.6,70.1
12.79,75.0,74.6,0.4,77.3
12.80,75.0,74.5,0.5,72.6
12.81,75.0,74.6,0.4,76.4
12.82,75.0,74.5,0.5,72.7
12.83,75.0,74.6,0.4,77.6
12.84,75.0,74.5,0.5,71.4
12.85,75.0,74.6,0.4,76.2
12.86,75.0,74.6,0.4,74.6
12.87,75.0,74.6,0.4,75.4
12.88,75.0,74.6,0.4,74.1
12.89,75.0,74.7,0.3,75.9
12.90,75.0,74.6,0.4,74.4
12.91,75.0,74.5,0.5,72.6
12.92,75.0,74.7,0.3,78.1
12.93,75.0,74.6,0.4,71.7
12.94,75.0,74.6,0.4,75.6
12.95,75.0,74.6,0.4,74.2
12.96,75.0,74.6,0.4,74.4
12.97,75.0,74.6,0.4,74.8
12.98,75.0,74.7,0.3,75.8
12.99,75.0,74.6,0.4,73.2
13.00,75.0,74.6,0.4,75.4
13.01,75.0,74.7,0.3,76.1
13.02,75.0,74.6,0.4,73.3
13.03,75.0,74.6,0.4,74.4
13.04,75.0,74.6,0.4,75.3
13.05,75.0,74.6,0.4,74.1
13.06,75.0,74.7,0.3,76.8
13.07,75.0,74.7,0.3,73.4
13.08,75.0,74.7,0.3,75.9
13.09,75.0,74.6,0.4,73.2
13.10,75.0,74.6,0.4,74.4
13.11,75.0,74.7,0.3,76.4
13.12,75.0,74.7,0.3,74.1
13.13,75.0,74.7,0.3,75.4
13.14,75.0,74.7,0.3,73.4
13.15,75.0,74.7,0.3,76.0
13.16,75.0,74.6,0.4,72.0
13.17,75.0,74.8,0.2,78.8
13.18,75.0,74.6,0.4,70.3
13.19,75.0,74.7,0.3,77.9
13.20,75.0,74.6,0.4,72.0
13.21,75.0,74.7,0.3,76.4
13.22,75.0,74.7,0.3,75.2
13.23,75.0,74.7,0.3,73.9
13.24,75.0,74.6,0.4,73.8
13.25,75.0,74.7,0.3,75.9
13.26,75.0,74.7,0.3,74.7
13.27,75.0,74.6,0.4,73.1
13.28,75.0,74.7,0.3,75.7
13.29,75.0,74.7,0.3,75.5
13.30,75.0,74.7,0.3,74.7
13.31,75.0,74.7,0.3,74.4
13.32,75.0,74.7,0.3,75.5
13.33,75.0,74.7,0.3,74.2
13.34,75.0,74.7,0.3,74.5
13.35,75.0,74.7,0.3,75.3
13.36,75.0,74.8,0.2,75.4
13.37,75.0,74.7,0.3,73.5
13.38,75.0,74.7,0.3,74.2
13.39,75.0,74.8,0.2,77.6
13.40,75.0,74.6,0.4,71.0
13.41,75.0,74.8,0.2,77.8
13.42,75.0,74.7,0.3,72.1
13.43,75.0,74.8,0.2,77.1
13.44,75.0,74.7,0.3,73.2
13.45,75.0,74.7,0.3,75.0
13.46,75.0,74.8,0.2,75.9
13.47,75.0,74.7,0.3,74.0
13.48,75.0,74.8,0.2,75.9
13.49,75.0,74.7,0.3,73.5
13.50,75.0,74.7,0.3,75.0
13.51,75.0,74.7,0.3,73.3
13.52,75.0,74.8,0.2,78.0
13.53,75.0,74.8,0.2,73.1
13.54,75.0,74.7,0.3,74.2
13.55,75.0,74.8,0.2,76.4
13.56,75.0,74.7,0.3,73.0
13.57,75.0,74.9,0.1,77.5
13.58,75.0,74.7,0.3,71.4
13.59,75.0,74.9,0.1,78.3
13.60,75.0,74.7,0.3,71.3
13.61,75.0,74.7,0.3,76.0
13.62,75.0,74.8,0.2,75.8
13.63,75.0,74.8,0.2,74.1
13.64,75.0,74.7,0.3,74.5
13.65,75.0,74.8,0.2,76.6
13.66,75.0,74.7,0.3,72.3
13.67,75.0,74.9,0.1,77.7
13.68,75.0,74.8,0.2,73.3
13.69,75.0,74.7,0.3,73.8
13.70,75.0,74.8,0.2,75.8
13.71,75.0,74.7,0.3,73.5
13.72,75.0,74.8,0.2,76.0
13.73,75.0,74.8,0.2,74.8
13.74,75.0,74.8,0.2,75.0
13.75,75.0,74.7,0.3,73.1
13.76,75.0,74.8,0.2,76.8
13.77,75.0,74.8,0.2,74.7
13.78,75.0,74.7,0.3,73.0
13.79,75.0,74.8,0.2,75.3
13.80,75.0,74.8,0.2,74.7
13.81,75.0,74.8,0.2,75.5
13.82,75.0,74.7,0.3,73.5
13.83,75.0,74.8,0.2,75.9
13.84,75.0,74.8,0.2,76.1
13.85,75.0,74.8,0.2,74.1
13.86,75.0,74.7,0.3,73.4
13.87,75.0,74.8,0.2,76.4
13.88,75.0,74.8,0.2,75.0
13.89,75.0,74.8,0.2,73.6
13.90,75.0,74.8,0.2,75.1
13.91,75.0,74.8,0.2,74.0
13.92,75.0,74.8,0.2,74.8
13.93,75.0,74.8,0.2,75.4
13.94,75.0,74.8,0.2,75.7
13.95,75.0,74.8,0.2,74.4
13.96,75.0,74.8,0.2,73.8
13.97,75.0,74.8,0.2,75.0
13.98,75.0,74.9,0.1,77.1
13.99,75.0,74.8,0.2,72.3
14.00,75.0,74.9,0.1,77.8
14.01,75.0,74.7,0.3,70.8
14.02,75.0,74.9,0.1,78.5
14.03,75.0,74.7,0.3,71.6
14.04,75.0,74.9,0.1,78.9
14.05,75.0,74.7,0.3,69.8
14.06,75.0,74.9,0.1,79.6
14.07,75.0,74.7,0.3,70.7
14.08,75.0,74.9,0.1,77.6
14.09,75.0,74.8,0.2,73.0
14.10,75.0,74.8,0.2,75.1
14.11,75.0,74.8,0.2,74.8
14.12,75.0,74.8,0.2,74.5
14.13,75.0,74.8,0.2,75.7
14.14,75.0,74.8,0.2,75.0
14.15,75.0,74.8,0.2,74.6
14.16,75.0,74.9,0.1,75.8
14.17,75.0,74.8,0.2,73.4
14.18,75.0,74.9,0.1,77.4
14.19,75.0,74.8,0.2,71.9
14.20,75.0,74.9,0.1,77.1
14.21,75.0,74.9,0.1,74.7
14.22,75.0,74.8,0.2,73.2
14.23,75.0,74.8,0.2,75.3
14.24,75.0,74.9,0.1,76.5
14.25,75.0,74.8,0.2,73.4
14.26,75.0,74.9,0.1,76.8
14.27,75.0,74.8,0.2,71.5
14.28,75.0,74.9,0.1,76.9
14.29,75.0,74.9,0.1,74.6
14.30,75.0,74.8,0.2,73.8
14.31,75.0,74.9,0.1,76.2
14.32,75.0,74.9,0.1,75.6
14.33,75.0,74.9,0.1,73.9
14.34,75.0,74.9,0.1,75.5
14.35,75.0,74.8,0.2,73.6
14.36,75.0,74.9,0.1,76.5
14.37,75.0,74.8,0.2,72.5
14.38,75.0,74.9,0.1,77.5
14.39,75.0,74.9,0.1,73.8
14.40,75.0,74.8,0.2,73.7
14.41,75.0,75.0,0.0,77.9
14.42,75.0,74.7,0.3,70.4
14.43,75.0,75.0,0.0,80.0
14.44,75.0,74.8,0.2,71.4
14.45,75.0,74.9,0.1,76.7
14.46,75.0,74.9,0.1,75.1
14.47,75.0,74.9,0.1,74.9
14.48,75.0,74.8,0.2,72.6
14.49,75.0,74.9,0.1,76.7
14.50,75.0,74.9,0.1,74.0
14.51,75.0,74.9,0.1,75.8
14.52,75.0,74.9,0.1,75.2
14.53,75.0,74.8,0.2,73.0
14.54,75.0,74.8,0.2,75.3
14.55,75.0,74.9,0.1,75.2
14.56,75.0,74.9,0.1,74.8
14.57,75.0,74.9,0.1,75.1
14.58,75.0,74.9,0.1,74.6
14.59,75.0,74.8,0.2,74.6
14.60,75.0,74.9,0.1,76.6
14.61,75.0,74.8,0.2,72.8
14.62,75.0,74.9,0.1,75.8
14.63,75.0,74.8,0.2,74.1
14.64,75.0,75.0,0.0,77.2
14.65,75.0,74.8,0.2,72.6
14.66,75.0,74.9,0.1,76.1
14.67,75.0,74.9,0.1,74.5
14.68,75.0,74.9,0.1,75.1
14.69,75.0,74.9,0.1,76.1
14.70,75.0,74.9,0.1,73.9
14.71,75.0,74.9,0.1,75.7
14.72,75.0,74.9,0.1,74.4
14.73,75.0,74.8,0.2,73.4
14.74,75.0,74.9,0.1,75.7
14.75,75.0,74.9,0.1,75.7
14.76,75.0,74.9,0.1,73.8
14.77,75.0,74.9,0.1,75.8
14.78,75.0,74.9,0.1,73.9
14.79,75.0,75.0,0.0,77.2
14.80,75.0,74.9,0.1,73.1
14.81,75.0,74.9,0.1,75.7
14.82,75.0,74.8,0.2,72.8
14.83,75.0,75.0,0.0,78.1
14.84,75.0,74.8,0.2,71.9
14.85,75.0,74.9,0.1,76.5
14.86,75.0,74.9,0.1,74.1
14.87,75.0,74.9,0.1,74.7
14.88,75.0,75.0,0.0,76.6
14.89,75.0,74.9,0.1,74.5
14.90,75.0,74.9,0.1,74.0
14.91,75.0,75.0,0.0,76.5
14.92,75.0,74.9,0.1,73.0
14.93,75.0,74.9,0.1,76.5
14.94,75.0,74.9,0.1,73.1
14.95,75.0,74.9,0.1,75.5
14.96,75.0,74.9,0.1,74.3
14.97,75.0,75.0,0.0,76.8
14.98,75.0,74.9,0.1,74.6
14.99,75.0,74.9,0.1,73.8
15.00,75.0,75.2,-0.2,76.5
15.01,75.0,75.2,-0.2,69.7
15.02,75.0,75.3,-0.3,73.3
15.03,75.0,75.4,-0.4,70.8
15.04,75.0,75.5,-0.5,73.5
15.05,75.0,75.5,-0.5,70.4
15.06,75.0,75.5,-0.5,70.1
15.07,75.0,75.6,-0.6,73.2
15.08,75.0,75.6,-0.6,71.1
15.09,75.0,75.6,-0.6,69.1
15.10,75.0,75.7,-0.7,74.1
15.11,75.0,75.5,-0.5,66.5
15.12,75.0,75.8,-0.8,76.1
15.13,75.0,75.6,-0.6,67.2
15.14,75.0,75.7,-0.7,72.5
15.15,75.0,75.6,-0.6,68.9
15.16,75.0,75.8,-0.8,73.5
15.17,75.0,75.6,-0.6,68.1
15.18,75.0,75.6,-0.6,70.7
15.19,75.0,75.7,-0.7,71.3
15.20,75.0,75.7,-0.7,72.0
15.21,75.0,75.7,-0.7,70.1
15.22,75.0,75.7,-0.7,70.6
15.23,75.0,75.7,-0.7,71.4
15.24,75.0,75.7,-0.7,69.8
15.25,75.0,75.7,-0.7,71.3
15.26,75.0,75.6,-0.6,69.0
15.27,75.0,75.7,-0.7,72.6
15.28,75.0,75.7,-0.7,69.9
15.29,75.0,75.6,-0.6,69.2
15.30,75.0,75.7,-0.7,72.1
15.31,75.0,75.7,-0.7,70.5
15.32,75.0,75.6,-0.6,70.0
15.33,75.0,75.6,-0.6,70.1
15.34,75.0,75.6,-0.6,71.2
15.35,75.0,75.6,-0.6,69.7
15.36,75.0,75.6,-0.6,70.9
15.37,75.0,75.6,-0.6,71.3
15.38,75.0,75.6,-0.6,70.2
15.39,75.0,75.5,-0.5,69.2
15.40,75.0,75.6,-0.6,70.7
15.41,75.0,75.7,-0.7,72.4
15.42,75.0,75.6,-0.6,69.1
15.43,75.0,75.6,-0.6,71.6
15.44,75.0,75.6,-0.6,70.7
15.45,75.0,75.5,-0.5,68.8
15.46,75.0,75.6,-0.6,71.1
15.47,75.0,75.5,-0.5,69.4
15.48,75.0,75.6,-0.6,72.1
15.49,75.0,75.5,-0.5,69.9
15.50,75.0,75.6,-0.6,71.1
15.51,75.0,75.5,-0.5,69.9
15.52,75.0,75.6,-0.6,71.0
15.53,75.0,75.5,-0.5,69.7
15.54,75.0,75.6,-0.6,71.7
15.55,75.0,75.6,-0.6,70.3
15.56,75.0,75.6,-0.6,71.0
15.57,75.0,75.6,-0.6,70.6
15.58,75.0,75.5,-0.5,69.4
15.59,75.0,75.6,-0.6,71.5
15.60,75.0,75.5,-0.5,68.7
15.61,75.0,75.5,-0.5,71.2
15.62,75.0,75.5,-0.5,70.6
15.63,75.0,75.6,-0.6,71.2
15.64,75.0,75.6,-0.6,70.4
15.65,75.0,75.5,-0.5,69.0
15.66,75.0,75.5,-0.5,71.5
15.67,75.0,75.5,-0.5,69.3
15.68,75.0,75.5,-0.5,71.8
15.69,75.0,75.5,-0.5,70.4
15.70,75.0,75.5,-0.5,70.1
15.71,75.0,75.5,-0.5,70.8
15.72,75.0,75.5,-0.5,70.4
15.73,75.0,75.5,-0.5,70.9
15.74,75.0,75.5,-0.5,69.4
15.75,75.0,75.5,-0.5,71.0
15.76,75.0,75.5,-0.5,69.5
15.77,75.0,75.5,-0.5,71.6
15.78,75.0,75.5,-0.5,70.2
15.79,75.0,75.5,-0.5,69.7
15.80,75.0,75.4,-0.4,69.9
15.81,75.0,75.5,-0.5,71.1
15.82,75.0,75.5,-0.5,71.1
15.83,75.0,75.4,-0.4,69.2
15.84,75.0,75.5,-0.5,72.6
15.85,75.0,75.5,-0.5,69.2
15.86,75.0,75.5,-0.5,71.4
15.87,75.0,75.5,-0.5,69.7
15.88,75.0,75.5,-0.5,71.1
15.89,75.0,75.4,-0.4,68.3
15.90,75.0,75.5,-0.5,73.1
15.91,75.0,75.4,-0.4,68.0
15.92,75.0,75.5,-0.5,72.5
15.93,75.0,75.4,-0.4,67.6
15.94,75.0,75.4,-0.4,71.5
15.95,75.0,75.4,-0.4,70.2
15.96,75.0,75.4,-0.4,70.2
15.97,75.0,75.4,-0.4,71.3
15.98,75.0,75.4,-0.4,68.8
15.99,75.0,75.4,-0.4,71.9
16.00,75.0,75.3,-0.3,68.5
16.01,75.0,75.5,-0.5,72.8
16.02,75.0,75.4,-0.4,69.4
16.03,75.0,75.3,-0.3,68.6
16.04,75.0,75.4,-0.4,72.2
16.05,75.0,75.3,-0.3,69.0
16.06,75.0,75.4,-0.4,72.3
16.07,75.0,75.3,-0.3,68.4
16.08,75.0,75.5,-0.5,72.8
16.09,75.0,75.4,-0.4,69.1
16.10,75.0,75.4,-0.4,70.3
16.11,75.0,75.4,-0.4,71.0
16.12,75.0,75.4,-0.4,69.8
16.13,75.0,75.4,-0.4,70.0
16.14,75.0,75.3,-0.3,69.6
16.15,75.0,75.3,-0.3,70.3
16.16,75.0,75.3,-0.3,70.5
16.17,75.0,75.3,-0.3,69.5
16.18,75.0,75.4,-0.4,72.7
16.19,75.0,75.3,-0.3,67.2
16.20,75.0,75.3,-0.3,72.0
16.21,75.0,75.3,-0.3,69.6
16.22,75.0,75.3,-0.3,70.3
16.23,75.0,75.3,-0.3,70.2
16.24,75.0,75.4,-0.4,72.3
16.25,75.0,75.2,-0.2,66.7
16.26,75.0,75.4,-0.4,73.5
16.27,75.0,75.3,-0.3,68.8
16.28,75.0,75.3,-0.3,69.8
16.29,75.0,75.4,-0.4,72.9
16.30,75.0,75.2,-0.2,66.8
16.31,75.0,75.4,-0.4,72.9
16.32,75.0,75.3,-0.3,69.4
16.33,75.0,75.4,-0.4,71.2
16.34,75.0,75.3,-0.3,69.9
16.35,75.0,75.3,-0.3,69.9
16.36,75.0,75.3,-0.3,70.2
16.37,75.0,75.3,-0.3,70.3
16.38,75.0,75.2,-0.2,69.1
16.39,75.0,75.3,-0.3,70.8
16.40,75.0,75.3,-0.3,71.3
16.41,75.0,75.2,-0.2,68.0
16.42,75.0,75.3,-0.3,71.6
16.43,75.0,75.3,-0.3,70.7
16.44,75.0,75.3,-0.3,70.1
16.45,75.0,75.3,-0.3,70.1
16.46,75.0,75.3,-0.3,70.2
16.47,75.0,75.3,-0.3,70.3
16.48,75.0,75.2,-0.2,69.5
16.49,75.0,75.2,-0.2,70.4
16.50,75.0,75.3,-0.3,72.0
16.51,75.0,75.2,-0.2,68.3
16.52,75.0,75.3,-0.3,70.9
16.53,75.0,75.2,-0.2,69.0
16.54,75.0,75.3,-0.3,72.5
16.55,75.0,75.2,-0.2,68.6
16.56,75.0,75.3,-0.3,71.8
16.57,75.0,75.3,-0.3,70.3
16.58,75.0,75.3,-0.3,70.4
16.59,75.0,75.3,-0.3,70.5
16.60,75.0,75.2,-0.2,68.8
16.61,75.0,75.2,-0.2,69.8
16.62,75.0,75.2,-0.2,70.7
16.63,75.0,75.3,-0.3,70.6
16.64,75.0,75.2,-0.2,68.7
16.65,75.0,75.2,-0.2,71.4
16.66,75.0,75.2,-0.2,69.5
16.67,75.0,75.2,-0.2,70.4
16.68,75.0,75.3,-0.3,71.2
16.69,75.0,75.3,-0.3,70.5
16.70,75.0,75.2,-0.2,69.5
16.71,75.0,75.3,-0.3,70.6
16.72,75.0,75.3,-0.3,70.3
16.73,75.0,75.2,-0.2,68.5
16.74,75.0,75.3,-0.3,72.9
16.75,75.0,75.2,-0.2,67.4
16.76,75.0,75.3,-0.3,73.5
16.77,75.0,75.2,-0.2,67.5
16.78,75.0,75.2,-0.2,70.4
16.79,75.0,75.2,-0.2,71.2
16.80,75.0,75.2,-0.2,69.2
16.81,75.0,75.2,-0.2,70.9
16.82,75.0,75.2,-0.2,69.3
16.83,75.0,75.2,-0.2,70.1
16.84,75.0,75.2,-0.2,70.1
16.85,75.0,75.3,-0.3,71.8
16.86,75.0,75.1,-0.1,67.3
16.87,75.0,75.3,-0.3,72.9
16.88,75.0,75.2,-0.2,70.0
16.89,75.0,75.2,-0.2,68.7
16.90,75.0,75.2,-0.2,71.1
16.91,75.0,75.2,-0.2,69.9
16.92,75.0,75.3,-0.3,71.7
16.93,75.0,75.1,-0.1,67.4
16.94,75.0,75.2,-0.2,72.2
16.95,75.0,75.2,-0.2,69.0
16.96,75.0,75.2,-0.2,70.6
16.97,75.0,75.2,-0.2,69.8
16.98,75.0,75.3,-0.3,71.9
16.99,75.0,75.2,-0.2,69.3
17.00,75.0,75.3,-0.3,71.3
17.01,75.0,75.2,-0.2,68.5
17.02,75.0,75.2,-0.2,70.2
17.03,75.0,75.3,-0.3,71.8
17.04,75.0,75.2,-0.2,68.7
17.05,75.0,75.2,-0.2,71.1
17.06,75.0,75.2,-0.2,70.5
17.07,75.0,75.2,-0.2,69.2
17.08,75.0,75.2,-0.2,70.2
17.09,75.0,75.3,-0.3,71.6
17.10,75.0,75.2,-0.2,68.2
17.11,75.0,75.2,-0.2,71.2
17.12,75.0,75.2,-0.2,70.8
17.13,75.0,75.2,-0.2,69.8
17.14,75.0,75.2,-0.2,70.1
17.15,75.0,75.3,-0.3,71.0
17.16,75.0,75.2,-0.2,69.1
17.17,75.0,75.3,-0.3,71.5
17.18,75.0,75.1,-0.1,67.6
17.19,75.0,75.2,-0.2,70.8
17.20,75.0,75.1,-0.1,69.9
17.21,75.0,75.1,-0.1,70.0
17.22,75.0,75.1,-0.1,69.8
17.23,75.0,75.2,-0.2,72.2
17.24,75.0,75.1,-0.1,67.0
17.25,75.0,75.3,-0.3,74.4
17.26,75.0,75.1,-0.1,67.0
17.27,75.0,75.2,-0.2,72.8
17.28,75.0,75.2,-0.2,69.2
17.29,75.0,75.2,-0.2,70.8
17.30,75.0,75.1,-0.1,67.9
17.31,75.0,75.2,-0.2,71.7
17.32,75.0,75.1,-0.1,69.3
17.33,75.0,75.2,-0.2,71.2
17.34,75.0,75.2,-0.2,69.6
17.35,75.0,75.2,-0.2,71.3
17.36,75.0,75.2,-0.2,69.5
17.37,75.0,75.1,-0.1,68.7
17.38,75.0,75.2,-0.2,72.5
17.39,75.0,75.1,-0.1,66.7
17.40,75.0,75.3,-0.3,74.0
17.41,75.0,75.1,-0.1,67.2
17.42,75.0,75.2,-0.2,71.5
17.43,75.0,75.2,-0.2,70.0
17.44,75.0,75.2,-0.2,71.0
17.45,75.0,75.1,-0.1,68.5
17.46,75.0,75.1,-0.1,70.5
17.47,75.0,75.2,-0.2,70.6
17.48,75.0,75.1,-0.1,69.3
17.49,75.0,75.2,-0.2,71.7
17.50,75.0,75.1,-0.1,68.0
17.51,75.0,75.2,-0.2,72.0
17.52,75.0,75.2,-0.2,69.7
17.53,75.0,75.1,-0.1,70.0
17.54,75.0,75.1,-0.1,68.5
17.55,75.0,75.1,-0.1,71.4
17.56,75.0,75.2,-0.2,71.5
17.57,75.0,75.1,-0.1,67.2
17.58,75.0,75.1,-0.1,71.3
17.59,75.0,75.2,-0.2,70.9
17.60,75.0,75.1,-0.1,69.1
17.61,75.0,75.2,-0.2,72.1
17.62,75.0,75.1,-0.1,68.9
17.63,75.0,75.2,-0.2,70.9
17.64,75.0,75.1,-0.1,69.2
17.65,75.0,75.2,-0.2,71.8
17.66,75.0,75.2,-0.2,69.3
17.67,75.0,75.1,-0.1,68.4
17.68,75.0,75.2,-0.2,72.1
17.69,75.0,75.1,-0.1,67.9
17.70,75.0,75.2,-0.2,73.3
17.71,75.0,75.1,-0.1,68.0
17.72,75.0,75.1,-0.1,70.4
17.73,75.0,75.1,-0.1,69.8
17.74,75.0,75.1,-0.1,69.4
17.75,75.0,75.1,-0.1,71.0
17.76,75.0,75.2,-0.2,71.0
17.77,75.0,75.1,-0.1,69.6
17.78,75.0,75.1,-0.1,69.4
17.79,75.0,75.2,-0.2,72.0
17.80,75.0,75.1,-0.1,67.8
17.81,75.0,75.1,-0.1,71.1
17.82,75.0,75.2,-0.2,70.9
17.83,75.0,75.0,-0.0,67.6
17.84,75.0,75.2,-0.2,72.9
17.85,75.0,75.1,-0.1,67.9
17.86,75.0,75.1,-0.1,71.5
17.87,75.0,75.1,-0.1,69.8
17.88,75.0,75.2,-0.2,70.9
17.89,75.0,75.1,-0.1,68.2
17.90,75.0,75.1,-0.1,71.8
17.91,75.0,75.1,-0.1,69.5
17.92,75.0,75.1,-0.1,70.4
17.93,75.0,75.2,-0.2,70.7
17.94,75.0,75.1,-0.1,68.4
17.95,75.0,75.1,-0.1,70.9
17.96,75.0,75.2,-0.2,71.1
17.97,75.0,75.1,-0.1,68.0
17.98,75.0,75.2,-0.2,72.5
17.99,75.0,75.1,-0.1,68.6
18.00,75.0,74.9,0.1,70.4
18.01,75.0,74.9,0.1,75.0
18.02,75.0,74.6,0.4,69.6
18.03,75.0,74.6,0.4,75.0
18.04,75.0,74.5,0.5,71.2
18.05,75.0,74.6,0.4,77.2
18.06,75.0,74.3,0.7,69.4
18.07,75.0,74.4,0.6,76.0
18.08,75.0,74.3,0.7,73.0
18.09,75.0,74.4,0.6,75.3
18.10,75.0,74.3,0.7,72.3
18.11,75.0,74.4,0.6,76.7
18.12,75.0,74.3,0.7,72.7
18.13,75.0,74.3,0.7,74.3
18.14,75.0,74.4,0.6,75.2
18.15,75.0,74.3,0.7,72.2
18.16,75.0,74.3,0.7,76.1
18.17,75.0,74.3,0.7,72.6
18.18,75.0,74.3,0.7,74.9
18.19,75.0,74.3,0.7,75.1
18.20,75.0,74.4,0.6,75.2
18.21,75.0,74.3,0.7,73.8
18.22,75.0,74.4,0.6,75.5
18.23,75.0,74.4,0.6,74.0
18.24,75.0,74.3,0.7,73.0
18.25,75.0,74.4,0.6,75.0
18.26,75.0,74.3,0.7,73.3
18.27,75.0,74.3,0.7,74.8
18.28,75.0,74.3,0.7,74.2
18.29,75.0,74.3,0.7,74.3
18.30,75.0,74.4,0.6,76.8
18.31,75.0,74.3,0.7,70.8
18.32,75.0,74.4,0.6,76.9
18.33,75.0,74.4,0.6,73.5
18.34,75.0,74.4,0.6,75.1
18.35,75.0,74.3,0.7,72.6
18.36,75.0,74.5,0.5,77.5
18.37,75.0,74.4,0.6,73.3
18.38,75.0,74.4,0.6,75.2
18.39,75.0,74.4,0.6,72.6
18.40,75.0,74.4,0.6,75.3
18.41,75.0,74.3,0.7,73.4
18.42,75.0,74.4,0.6,75.0
18.43,75.0,74.4,0.6,74.6
18.44,75.0,74.4,0.6,73.6
18.45,75.0,74.5,0.5,77.4
18.46,75.0,74.4,0.6,72.5
18.47,75.0,74.4,0.6,74.0
18.48,75.0,74.5,0.5,75.9
18.49,75.0,74.4,0.6,73.6
18.50,75.0,74.4,0.6,74.1
18.51,75.0,74.5,0.5,76.6
18.52,75.0,74.5,0.5,73.5
18.53,75.0,74.5,0.5,74.8
18.54,75.0,74.4,0.6,73.4
18.55,75.0,74.5,0.5,76.0
18.56,75.0,74.4,0.6,72.1
18.57,75.0,74.5,0.5,77.5
18.58,75.0,74.5,0.5,73.4
18.59,75.0,74.5,0.5,74.8
18.60,75.0,74.5,0.5,74.2
18.61,75.0,74.4,0.6,73.5
18.62,75.0,74.5,0.5,75.6
18.63,75.0,74.5,0.5,75.4
18.64,75.0,74.4,0.6,72.3
18.65,75.0,74.6,0.4,77.6
18.66,75.0,74.5,0.5,72.1
18.67,75.0,74.6,0.4,76.8
18.68,75.0,74.5,0.5,73.4
18.69,75.0,74.5,0.5,74.9
18.70,75.0,74.5,0.5,74.5
18.71,75.0,74.6,0.4,75.0
18.72,75.0,74.5,0.5,74.0
18.73,75.0,74.6,0.4,75.5
18.74,75.0,74.5,0.5,72.4
18.75,75.0,74.6,0.4,76.9
18.76,75.0,74.5,0.5,73.7
18.77,75.0,74.5,0.5,74.1
18.78,75.0,74.6,0.4,75.8
18.79,75.0,74.5,0.5,73.6
18.80,75.0,74.5,0.5,74.3
18.81,75.0,74.6,0.4,76.1
18.82,75.0,74.5,0.5,73.0
18.83,75.0,74.6,0.4,75.1
18.84,75.0,74.6,0.4,74.8
18.85,75.0,74.5,0.5,73.6
18.86,75.0,74.6,0.4,75.6
18.87,75.0,74.6,0.4,75.2
18.88,75.0,74.5,0.5,72.0
18.89,75.0,74.7,0.3,78.9
18.90,75.0,74.5,0.5,71.3
18.91,75.0,74.5,0.5,74.8
18.92,75.0,74.5,0.5,74.5
18.93,75.0,74.5,0.5,74.6
18.94,75.0,74.6,0.4,75.6
18.95,75.0,74.6,0.4,74.0
18.96,75.0,74.6,0.4,74.3
18.97,75.0,74.6,0.4,75.8
18.98,75.0,74.6,0.4,74.5
18.99,75.0,74.7,0.3,75.4
19.00,75.0,74.6,0.4,73.0
19.01,75.0,74.6,0.4,75.2
19.02,75.0,74.7,0.3,75.6
19.03,75.0,74.5,0.5,72.1
19.04,75.0,74.7,0.3,78.4
19.05,75.0,74.6,0.4,71.9
19.06,75.0,74.7,0.3,76.9
19.07,75.0,74.6,0.4,73.9
19.08,75.0,74.7,0.3,75.6
19.09,75.0,74.6,0.4,72.1
19.10,75.0,74.6,0.4,75.8
19.11,75.0,74.6,0.4,73.5
19.12,75.0,74.6,0.4,75.9
19.13,75.0,74.6,0.4,73.0
19.14,75.0,74.6,0.4,75.7
19.15,75.0,74.6,0.4,74.2
19.16,75.0,74.7,0.3,77.1
19.17,75.0,74.5,0.5,71.1
19.18,75.0,74.6,0.4,76.5
19.19,75.0,74.7,0.3,75.8
19.20,75.0,74.5,0.5,71.9
19.21,75.0,74.7,0.3,77.3
19.22,75.0,74.6,0.4,72.8
19.23,75.0,74.6,0.4,75.3
19.24,75.0,74.7,0.3,75.3
19.25,75.0,74.7,0.3,75.1
19.26,75.0,74.6,0.4,73.4
19.27,75.0,74.7,0.3,76.6
19.28,75.0,74.6,0.4,71.8
19.29,75.0,74.7,0.3,77.4
19.30,75.0,74.7,0.3,74.8
19.31,75.0,74.7,0.3,73.5
19.32,75.0,74.7,0.3,75.3
19.33,75.0,74.7,0.3,75.8
19.34,75.0,74.7,0.3,73.5
19.35,75.0,74.6,0.4,74.1
19.36,75.0,74.7,0.3,75.5
19.37,75.0,74.7,0.3,75.0
19.38,75.0,74.7,0.3,75.2
19.39,75.0,74.7,0.3,73.5
19.40,75.0,74.7,0.3,75.4
19.41,75.0,74.7,0.3,74.9
19.42,75.0,74.7,0.3,75.4
19.43,75.0,74.7,0.3,73.2
19.44,75.0,74.7,0.3,75.4
19.45,75.0,74.7,0.3,74.5
19.46,75.0,74.7,0.3,75.7
19.47,75.0,74.7,0.3,72.9
19.48,75.0,74.7,0.3,75.9
19.49,75.0,74.7,0.3,73.9
19.50,75.0,74.7,0.3,74.3
19.51,75.0,74.7,0.3,74.8
19.52,75.0,74.8,0.2,76.6
19.53,75.0,74.7,0.3,73.7
19.54,75.0,74.8,0.2,75.9
19.55,75.0,74.7,0.3,72.4
19.56,75.0,74.7,0.3,76.0
19.57,75.0,74.7,0.3,74.3
19.58,75.0,74.7,0.3,74.4
19.59,75.0,74.7,0.3,74.7
19.60,75.0,74.7,0.3,74.4
19.61,75.0,74.8,0.2,77.1
19.62,75.0,74.7,0.3,73.4
19.63,75.0,74.7,0.3,74.0
19.64,75.0,74.8,0.2,76.4
19.65,75.0,74.7,0.3,73.8
19.66,75.0,74.8,0.2,75.2
19.67,75.0,74.8,0.2,75.8
19.68,75.0,74.8,0.2,74.7
19.69,75.0,74.7,0.3,73.7
19.70,75.0,74.8,0.2,75.6
19.71,75.0,74.8,0.2,74.6
19.72,75.0,74.8,0.2,75.2
19.73,75.0,74.8,0.2,75.0
19.74,75.0,74.7,0.3,73.5
19.75,75.0,74.8,0.2,75.2
19.76,75.0,74.8,0.2,75.0
19.77,75.0,74.8,0.2,75.4
19.78,75.0,74.7,0.3,73.4
19.79,75.0,74.9,0.1,77.2
19.80,75.0,74.7,0.3,71.2
19.81,75.0,74.8,0.2,76.7
19.82,75.0,74.7,0.3,73.4
19.83,75.0,74.9,0.1,77.9
19.84,75.0,74.7,0.3,72.1
19.85,75.0,74.8,0.2,76.9
19.86,75.0,74.8,0.2,74.3
19.87,75.0,74.8,0.2,73.5
19.88,75.0,74.8,0.2,75.4
19.89,75.0,74.8,0.2,74.2
19.90,75.0,74.9,0.1,77.0
19.91,75.0,74.8,0.2,73.4
19.92,75.0,74.8,0.2,74.9
19.93,75.0,74.7,0.3,73.6
19.94,75.0,74.9,0.1,77.4
19.95,75.0,74.7,0.3,71.4
19.96,75.0,74.8,0.2,76.4
19.97,75.0,74.8,0.2,75.7
19.98,75.0,74.8,0.2,73.8
19.99,75.0,74.8,0.2,74.8
20.00,25.0,71.0,-46.0,0.0
20.01,25.0,67.5,-42.5,0.0
20.02,25.0,64.1,-39.1,0.0
20.03,25.0,60.9,-35.9,0.0
20.04,25.0,57.9,-32.9,0.0
20.05,25.0,55.0,-30.0,0.0
20.06,25.0,52.2,-27.2,0.0
20.07,25.0,49.6,-24.6,0.0
20.08,25.0,47.1,-22.1,0.0
20.09,25.0,44.8,-19.8,0.0
20.10,25.0,42.5,-17.5,0.0
20.11,25.0,40.4,-15.4,0.0
20.12,25.0,38.5,-13.5,1.3
20.13,25.0,37.0,-12.0,9.5
20.14,25.0,35.7,-10.7,10.3
20.15,25.0,34.7,-9.7,15.8
20.16,25.0,33.9,-8.9,18.4
20.17,25.0,33.2,-8.2,20.6
20.18,25.0,32.6,-7.6,20.5
20.19,25.0,32.2,-7.2,24.6
20.20,25.0,31.7,-6.7,22.9
20.21,25.0,31.4,-6.4,25.6
20.22,25.0,31.0,-6.0,23.5
20.23,25.0,30.9,-5.9,29.2
20.24,25.0,30.5,-5.5,23.7
20.25,25.0,30.5,-5.5,29.7
20.26,25.0,30.3,-5.3,26.3
20.27,25.0,30.2,-5.2,27.8
20.28,25.0,30.0,-5.0,27.4
20.29,25.0,30.0,-5.0,29.2
20.30,25.0,29.8,-4.8,26.7
20.31,25.0,29.9,-4.9,30.7
20.32,25.0,29.7,-4.7,26.5
20.33,25.0,29.7,-4.7,30.4
20.34,25.0,29.6,-4.6,27.2
20.35,25.0,29.6,-4.6,29.1
20.36,25.0,29.6,-4.6,29.6
20.37,25.0,29.5,-4.5,27.2
20.38,25.0,29.5,-4.5,30.7
20.39,25.0,29.5,-4.5,28.1
20.40,25.0,29.4,-4.4,27.8
20.41,25.0,29.3,-4.3,28.6
20.42,25.0,29.4,-4.4,30.4
20.43,25.0,29.3,-4.3,27.9
20.44,25.0,29.2,-4.2,27.3
20.45,25.0,29.3,-4.3,30.9
20.46,25.0,29.2,-4.2,26.7
20.47,25.0,29.3,-4.3,31.2
20.48,25.0,29.1,-4.1,25.2
20.49,25.0,29.2,-4.2,31.6
20.50,25.0,29.0,-4.0,26.1
20.51,25.0,29.0,-4.0,29.3
20.52,25.0,29.0,-4.0,27.6
20.53,25.0,29.0,-4.0,30.0
20.54,25.0,28.9,-3.9,26.6
20.55,25.0,29.0,-4.0,30.9
20.56,25.0,28.9,-3.9,26.9
20.57,25.0,28.9,-3.9,29.4
20.58,25.0,28.9,-3.9,27.6
20.59,25.0,28.9,-3.9,29.7
20.60,25.0,28.7,-3.7,25.5
20.61,25.0,28.8,-3.8,30.8
20.62,25.0,28.7,-3.7,25.6
20.63,25.0,28.8,-3.8,31.5
20.64,25.0,28.7,-3.7,25.9
20.65,25.0,28.7,-3.7,29.3
20.66,25.0,28.6,-3.6,27.6
20.67,25.0,28.7,-3.7,29.5
20.68,25.0,28.6,-3.6,27.9
20.69,25.0,28.6,-3.6,28.5
20.70,25.0,28.5,-3.5,26.7
20.71,25.0,28.6,-3.6,28.9
20.72,25.0,28.4,-3.4,26.3
20.73,25.0,28.5,-3.5,28.9
20.74,25.0,28.4,-3.4,26.9
20.75,25.0,28.5,-3.5,30.8
20.76,25.0,28.3,-3.3,25.0
20.77,25.0,28.5,-3.5,31.1
20.78,25.0,28.3,-3.3,24.2
20.79,25.0,28.4,-3.4,31.3
20.80,25.0,28.3,-3.3,25.8
20.81,25.0,28.3,-3.3,28.6
20.82,25.0,28.3,-3.3,27.6
20.83,25.0,28.3,-3.3,29.4
20.84,25.0,28.2,-3.2,26.9
20.85,25.0,28.2,-3.2,28.3
20.86,25.0,28.2,-3.2,28.0
20.87,25.0,28.1,-3.1,25.6
20.88,25.0,28.2,-3.2,29.4
20.89,25.0,28.2,-3.2,27.9
20.90,25.0,28.1,-3.1,26.4
20.91,25.0,28.0,-3.0,27.5
20.92,25.0,28.0,-3.0,27.7
20.93,25.0,28.1,-3.1,29.5
20.94,25.0,27.9,-2.9,24.3
20.95,25.0,28.0,-3.0,30.0
20.96,25.0,27.9,-2.9,25.7
20.97,25.0,28.0,-3.0,30.8
20.98,25.0,27.9,-2.9,24.6
20.99,25.0,28.0,-3.0,30.1
21.00,25.0,27.9,-2.9,25.5
21.01,25.0,27.9,-2.9,28.3
21.02,25.0,27.8,-2.8,27.2
21.03,25.0,27.8,-2.8,26.4
21.04,25.0,27.8,-2.8,29.1
21.05,25.0,27.7,-2.7,25.3
21.06,25.0,27.8,-2.8,29.7
21.07,25.0,27.7,-2.7,24.9
21.08,25.0,27.7,-2.7,28.6
21.09,25.0,27.7,-2.7,27.1
21.10,25.0,27.7,-2.7,28.3
21.11,25.0,27.7,-2.7,27.0
21.12,25.0,27.6,-2.6,27.0
21.13,25.0,27.7,-2.7,29.0
21.14,25.0,27.5,-2.5,23.7
21.15,25.0,27.6,-2.6,30.0
21.16,25.0,27.6,-2.6,26.5
21.17,25.0,27.6,-2.6,28.2
21.18,25.0,27.5,-2.5,26.3
21.19,25.0,27.5,-2.5,26.7
21.20,25.0,27.5,-2.5,27.4
21.21,25.0,27.5,-2.5,27.6
21.22,25.0,27.5,-2.5,27.0
21.23,25.0,27.5,-2.5,27.0
21.24,25.0,27.5,-2.5,28.6
21.25,25.0,27.3,-2.3,24.2
21.26,25.0,27.5,-2.5,30.8
21.27,25.0,27.3,-2.3,23.9
21.28,25.0,27.5,-2.5,29.6
21.29,25.0,27.4,-2.4,26.6
21.30,25.0,27.3,-2.3,25.4
21.31,25.0,27.4,-2.4,29.2
21.32,25.0,27.3,-2.3,24.9
21.33,25.0,27.4,-2.4,29.3
21.34,25.0,27.2,-2.2,23.7
21.35,25.0,27.4,-2.4,30.7
21.36,25.0,27.2,-2.2,23.5
21.37,25.0,27.2,-2.2,28.4
21.38,25.0,27.3,-2.3,27.5
21.39,25.0,27.1,-2.1,25.0
21.40,25.0,27.3,-2.3,30.3
21.41,25.0,27.1,-2.1,23.1
21.42,25.0,27.2,-2.2,29.9
21.43,25.0,27.1,-2.1,23.9
21.44,25.0,27.2,-2.2,30.7
21.45,25.0,27.1,-2.1,23.4
21.46,25.0,27.1,-2.1,28.1
21.47,25.0,27.1,-2.1,26.3
21.48,25.0,27.1,-2.1,27.7
21.49,25.0,27.0,-2.0,25.6
21.50,25.0,27.1,-2.1,28.7
21.51,25.0,27.0,-2.0,24.0
21.52,25.0,27.0,-2.0,27.7
21.53,25.0,27.0,-2.0,26.3
21.54,25.0,27.0,-2.0,27.0
21.55,25.0,26.9,-1.9,26.1
21.56,25.0,27.0,-2.0,28.5
21.57,25.0,26.9,-1.9,25.9
21.58,25.0,27.0,-2.0,27.2
21.59,25.0,27.0,-2.0,27.0
21.60,25.0,26.9,-1.9,25.1
21.61,25.0,26.9,-1.9,27.9
21.62,25.0,26.9,-1.9,26.8
21.63,25.0,26.9,-1.9,26.7
21.64,25.0,26.9,-1.9,26.0
21.65,25.0,26.8,-1.8,26.6
21.66,25.0,26.9,-1.9,27.7
21.67,25.0,26.9,-1.9,26.7
21.68,25.0,26.8,-1.8,24.5
21.69,25.0,26.8,-1.8,27.4
21.70,25.0,26.8,-1.8,26.7
21.71,25.0,26.8,-1.8,27.4
21.72,25.0,26.8,-1.8,26.0
21.73,25.0,26.7,-1.7,25.1
21.74,25.0,26.8,-1.8,28.4
21.75,25.0,26.6,-1.6,24.1
21.76,25.0,26.8,-1.8,29.1
21.77,25.0,26.7,-1.7,25.1
21.78,25.0,26.7,-1.7,26.5
21.79,25.0,26.7,-1.7,26.9
21.80,25.0,26.7,-1.7,27.2
21.81,25.0,26.6,-1.6,25.5
21.82,25.0,26.7,-1.7,28.0
21.83,25.0,26.6,-1.6,24.6
21.84,25.0,26.6,-1.6,26.3
21.85,25.0,26.6,-1.6,26.5
21.86,25.0,26.6,-1.6,25.9
21.87,25.0,26.7,-1.7,28.7
21.88,25.0,26.6,-1.6,24.7
21.89,25.0,26.7,-1.7,28.3
21.90,25.0,26.5,-1.5,23.8
21.91,25.0,26.7,-1.7,29.3
21.92,25.0,26.4,-1.4,22.4
21.93,25.0,26.5,-1.5,28.1
21.94,25.0,26.6,-1.6,27.2
21.95,25.0,26.5,-1.5,26.1
21.96,25.0,26.5,-1.5,25.0
21.97,25.0,26.5,-1.5,26.4
21.98,25.0,26.6,-1.6,28.5
21.99,25.0,26.4,-1.4,22.8
22.00,25.0,26.5,-1.5,29.1
22.01,25.0,26.5,-1.5,25.8
22.02,25.0,26.4,-1.4,24.4
22.03,25.0,26.5,-1.5,28.5
22.04,25.0,26.4,-1.4,24.1
22.05,25.0,26.4,-1.4,27.7
22.06,25.0,26.3,-1.3,24.0
22.07,25.0,26.4,-1.4,29.1
22.08,25.0,26.4,-1.4,25.2
22.09,25.0,26.3,-1.3,24.7
22.10,25.0,26.4,-1.4,27.6
22.11,25.0,26.4,-1.4,27.0
22.12,25.0,26.4,-1.4,25.7
22.13,25.0,26.4,-1.4,26.9
22.14,25.0,26.3,-1.3,24.1
22.15,25.0,26.4,-1.4,28.6
22.16,25.0,26.3,-1.3,25.0
22.17,25.0,26.4,-1.4,27.2
22.18,25.0,26.3,-1.3,24.1
22.19,25.0,26.3,-1.3,26.5
22.20,25.0,26.3,-1.3,27.5
22.21,25.0,26.3,-1.3,26.0
22.22,25.0,26.2,-1.2,24.5
22.23,25.0,26.3,-1.3,27.3
22.24,25.0,26.3,-1.3,26.7
22.25,25.0,26.2,-1.2,23.9
22.26,25.0,26.2,-1.2,27.6
22.27,25.0,26.2,-1.2,24.8
22.28,25.0,26.2,-1.2,26.6
22.29,25.0,26.1,-1.1,25.0
22.30,25.0,26.1,-1.1,26.4
22.31,25.0,26.2,-1.2,28.1
22.32,25.0,26.1,-1.1,22.7
22.33,25.0,26.1,-1.1,27.6
22.34,25.0,26.2,-1.2,26.5
22.35,25.0,26.2,-1.2,26.4
22.36,25.0,26.1,-1.1,23.7
22.37,25.0,26.2,-1.2,28.2
22.38,25.0,26.1,-1.1,25.0
22.39,25.0,26.2,-1.2,27.6
22.40,25.0,26.1,-1.1,25.0
22.41,25.0,26.1,-1.1,25.2
22.42,25.0,26.1,-1.1,27.0
22.43,25.0,26.0,-1.0,24.6
22.44,25.0,26.1,-1.1,26.7
22.45,25.0,26.0,-1.0,25.1
22.46,25.0,26.1,-1.1,27.2
22.47,25.0,26.0,-1.0,25.2
22.48,25.0,26.0,-1.0,24.8
22.49,25.0,26.0,-1.0,27.1
22.50,25.0,26.0,-1.0,26.1
22.51,25.0,26.1,-1.1,26.8
22.52,25.0,26.0,-1.0,24.9
22.53,25.0,26.1,-1.1,27.4
22.54,25.0,25.9,-0.9,23.3
22.55,25.0,26.0,-1.0,27.0
22.56,25.0,25.9,-0.9,24.8
22.57,25.0,26.0,-1.0,27.7
22.58,25.0,25.9,-0.9,23.7
22.59,25.0,26.0,-1.0,27.0
22.60,25.0,25.9,-0.9,25.1
22.61,25.0,26.0,-1.0,27.7
22.62,25.0,25.9,-0.9,24.0
22.63,25.0,26.0,-1.0,28.3
22.64,25.0,25.8,-0.8,21.8
22.65,25.0,25.9,-0.9,28.3
22.66,25.0,25.9,-0.9,24.7
22.67,25.0,25.9,-0.9,26.3
22.68,25.0,25.9,-0.9,25.8
22.69,25.0,25.9,-0.9,26.1
22.70,25.0,25.9,-0.9,26.1
22.71,25.0,25.8,-0.8,24.4
22.72,25.0,25.9,-0.9,26.5
22.73,25.0,25.9,-0.9,26.0
22.74,25.0,25.9,-0.9,26.3
22.75,25.0,25.9,-0.9,26.0
22.76,25.0,25.8,-0.8,23.3
22.77,25.0,25.9,-0.9,28.3
22.78,25.0,25.9,-0.9,24.9
22.79,25.0,25.8,-0.8,25.7
22.80,25.0,25.8,-0.8,24.9
22.81,25.0,25.8,-0.8,25.8
22.82,25.0,25.9,-0.9,27.3
22.83,25.0,25.8,-0.8,24.6
22.84,25.0,25.8,-0.8,25.6
22.85,25.0,25.8,-0.8,25.6
22.86,25.0,25.8,-0.8,25.2
22.87,25.0,25.9,-0.9,27.8
22.88,25.0,25.8,-0.8,24.5
22.89,25.0,25.7,-0.7,24.6
22.90,25.0,25.8,-0.8,26.4
22.91,25.0,25.7,-0.7,24.6
22.92,25.0,25.7,-0.7,26.3
22.93,25.0,25.8,-0.8,27.4
22.94,25.0,25.7,-0.7,23.5
22.95,25.0,25.8,-0.8,28.3
22.96,25.0,25.7,-0.7,23.2
22.97,25.0,25.8,-0.8,26.8
22.98,25.0,25.8,-0.8,26.6
22.99,25.0,25.7,-0.7,23.2
23.00,25.0,25.8,-0.8,29.1
23.01,25.0,25.7,-0.7,22.2
23.02,25.0,25.8,-0.8,28.7
23.03,25.0,25.6,-0.6,22.0
23.04,25.0,25.8,-0.8,29.5
23.05,25.0,25.6,-0.6,21.1
23.06,25.0,25.7,-0.7,28.9
23.07,25.0,25.7,-0.7,24.5
23.08,25.0,25.7,-0.7,25.1
23.09,25.0,25.7,-0.7,26.2
23.10,25.0,25.7,-0.7,25.3
23.11,25.0,25.7,-0.7,26.2
23.12,25.0,25.7,-0.7,26.3
23.13,25.0,25.6,-0.6,23.8
23.14,25.0,25.7,-0.7,27.0
23.15,25.0,25.7,-0.7,25.2
23.16,25.0,25.6,-0.6,24.8
23.17,25.0,25.6,-0.6,26.1
23.18,25.0,25.6,-0.6,24.6
23.19,25.0,25.7,-0.7,27.4
23.20,25.0,25.5,-0.5,22.7
23.21,25.0,25.6,-0.6,27.4
23.22,25.0,25.5,-0.5,24.1
23.23,25.0,25.6,-0.6,26.4
23.24,25.0,25.6,-0.6,25.0
23.25,25.0,25.7,-0.7,27.3
23.26,25.0,25.5,-0.5,23.6
23.27,25.0,25.7,-0.7,27.7
23.28,25.0,25.6,-0.6,24.8
23.29,25.0,25.7,-0.7,26.6
23.30,25.0,25.6,-0.6,24.7
23.31,25.0,25.6,-0.6,25.9
23.32,25.0,25.6,-0.6,25.0
23.33,25.0,25.6,-0.6,25.0
23.34,25.0,25.6,-0.6,25.7
23.35,25.0,25.5,-0.5,24.5
23.36,25.0,25.6,-0.6,27.5
23.37,25.0,25.6,-0.6,24.8
23.38,25.0,25.6,-0.6,26.6
23.39,25.0,25.5,-0.5,22.2
23.40,25.0,25.6,-0.6,27.3
23.41,25.0,25.5,-0.5,25.5
23.42,25.0,25.6,-0.6,26.0
23.43,25.0,25.5,-0.5,24.6
23.44,25.0,25.6,-0.6,27.5
23.45,25.0,25.5,-0.5,22.8
23.46,25.0,25.6,-0.6,27.9
23.47,25.0,25.5,-0.5,23.6
23.48,25.0,25.6,-0.6,27.2
23.49,25.0,25.4,-0.4,22.3
23.50,25.0,25.6,-0.6,29.7
23.51,25.0,25.4,-0.4,21.5
23.52,25.0,25.5,-0.5,27.4
23.53,25.0,25.5,-0.5,24.4
23.54,25.0,25.5,-0.5,26.8
23.55,25.0,25.4,-0.4,23.1
23.56,25.0,25.6,-0.6,28.6
23.57,25.0,25.5,-0.5,23.2
23.58,25.0,25.5,-0.5,26.3
23.59,25.0,25.5,-0.5,24.5
23.60,25.0,25.6,-0.6,27.9
23.61,25.0,25.5,-0.5,24.1
23.62,25.0,25.5,-0.5,25.4
23.63,25.0,25.4,-0.4,24.3
23.64,25.0,25.5,-0.5,26.5
23.65,25.0,25.5,-0.5,25.1
23.66,25.0,25.5,-0.5,25.8
23.67,25.0,25.5,-0.5,25.0
23.68,25.0,25.5,-0.5,26.0
23.69,25.0,25.4,-0.4,24.6
23.70,25.0,25.5,-0.5,26.9
23.71,25.0,25.4,-0.4,22.2
23.72,25.0,25.5,-0.5,27.3
23.73,25.0,25.4,-0.4,24.2
23.74,25.0,25.5,-0.5,28.0
23.75,25.0,25.4,-0.4,22.3
23.76,25.0,25.5,-0.5,27.2
23.77,25.0,25.5,-0.5,25.6
23.78,25.0,25.5,-0.5,25.8
23.79,25.0,25.4,-0.4,24.8
23.80,25.0,25.4,-0.4,25.3
23.81,25.0,25.4,-0.4,24.1
23.82,25.0,25.4,-0.4,26.8
23.83,25.0,25.4,-0.4,24.2
23.84,25.0,25.5,-0.5,27.7
23.85,25.0,25.4,-0.4,23.5
23.86,25.0,25.4,-0.4,25.9
23.87,25.0,25.4,-0.4,25.0
23.88,25.0,25.4,-0.4,26.0
23.89,25.0,25.4,-0.4,24.8
23.90,25.0,25.5,-0.5,26.8
23.91,25.0,25.4,-0.4,24.2
23.92,25.0,25.4,-0.4,25.4
23.93,25.0,25.3,-0.3,24.1
23.94,25.0,25.4,-0.4,27.1
23.95,25.0,25.4,-0.4,25.4
23.96,25.0,25.4,-0.4,25.1
23.97,25.0,25.3,-0.3,23.3
23.98,25.0,25.4,-0.4,26.3
23.99,25.0,25.3,-0.3,25.2
24.00,25.0,25.4,-0.4,26.5
24.01,25.0,25.3,-0.3,22.8
24.02,25.0,25.4,-0.4,28.8
24.03,25.0,25.3,-0.3,22.2
24.04,25.0,25.3,-0.3,26.4
24.05,25.0,25.4,-0.4,26.7
24.06,25.0,25.3,-0.3,22.7
24.07,25.0,25.3,-0.3,26.5
24.08,25.0,25.3,-0.3,25.2
24.09,25.0,25.4,-0.4,26.4
24.10,25.0,25.3,-0.3,22.7
24.11,25.0,25.3,-0.3,27.0
24.12,25.0,25.3,-0.3,25.5
24.13,25.0,25.3,-0.3,25.0
24.14,25.0,25.3,-0.3,25.2
24.15,25.0,25.4,-0.4,26.0
24.16,25.0,25.4,-0.4,25.8
24.17,25.0,25.3,-0.3,24.1
24.18,25.0,25.3,-0.3,25.2
24.19,25.0,25.3,-0.3,24.3
24.20,25.0,25.3,-0.3,26.9
24.21,25.0,25.3,-0.3,24.6
24.22,25.0,25.4,-0.4,27.0
24.23,25.0,25.2,-0.2,22.0
24.24,25.0,25.4,-0.4,29.0
24.25,25.0,25.2,-0.2,21.5
24.26,25.0,25.3,-0.3,27.7
24.27,25.0,25.3,-0.3,24.4
24.28,25.0,25.3,-0.3,24.8
24.29,25.0,25.4,-0.4,27.4
24.30,25.0,25.2,-0.2,21.7
24.31,25.0,25.3,-0.3,27.6
24.32,25.0,25.2,-0.2,23.4
24.33,25.0,25.4,-0.4,28.5
24.34,25.0,25.3,-0.3,23.6
24.35,25.0,25.3,-0.3,25.1
24.36,25.0,25.2,-0.2,24.5
24.37,25.0,25.3,-0.3,26.5
24.38,25.0,25.3,-0.3,25.8
24.39,25.0,25.2,-0.2,23.0
24.40,25.0,25.3,-0.3,27.2
24.41,25.0,25.2,-0.2,24.0
24.42,25.0,25.3,-0.3,26.4
24.43,25.0,25.2,-0.2,24.1
24.44,25.0,25.2,-0.2,25.1
24.45,25.0,25.3,-0.3,26.8
24.46,25.0,25.3,-0.3,25.1
24.47,25.0,25.3,-0.3,25.2
24.48,25.0,25.2,-0.2,23.7
24.49,25.0,25.3,-0.3,27.2
24.50,25.0,25.3,-0.3,24.6
24.51,25.0,25.3,-0.3,24.8
24.52,25.0,25.3,-0.3,25.3
24.53,25.0,25.2,-0.2,24.7
24.54,25.0,25.3,-0.3,27.1
24.55,25.0,25.2,-0.2,23.8
24.56,25.0,25.3,-0.3,26.7
24.57,25.0,25.3,-0.3,24.1
24.58,25.0,25.2,-0.2,23.9
24.59,25.0,25.3,-0.3,26.9
24.60,25.0,25.2,-0.2,24.0
24.61,25.0,25.3,-0.3,26.2
24.62,25.0,25.3,-0.3,25.3
24.63,25.0,25.3,-0.3,26.0
24.64,25.0,25.3,-0.3,24.9
24.65,25.0,25.2,-0.2,23.6
24.66,25.0,25.3,-0.3,27.4
24.67,25.0,25.3,-0.3,24.4
24.68,25.0,25.2,-0.2,24.0
24.69,25.0,25.2,-0.2,25.3
24.70,25.0,25.2,-0.2,24.7
24.71,25.0,25.3,-0.3,27.1
24.72,25.0,25.2,-0.2,23.2
24.73,25.0,25.3,-0.3,27.5
24.74,25.0,25.1,-0.1,22.5
24.75,25.0,25.3,-0.3,27.5
24.76,25.0,25.2,-0.2,23.4
24.77,25.0,25.2,-0.2,25.5
24.78,25.0,25.2,-0.2,25.9
24.79,25.0,25.1,-0.1,23.5
24.80,25.0,25.2,-0.2,26.4
24.81,25.0,25.1,-0.1,23.9
24.82,25.0,25.3,-0.3,27.5
24.83,25.0,25.2,-0.2,24.6
24.84,25.0,25.2,-0.2,25.6
24.85,25.0,25.2,-0.2,24.3
24.86,25.0,25.2,-0.2,26.1
24.87,25.0,25.2,-0.2,25.0
24.88,25.0,25.2,-0.2,24.8
24.89,25.0,25.1,-0.1,24.0
24.90,25.0,25.2,-0.2,26.4
24.91,25.0,25.2,-0.2,24.9
24.92,25.0,25.2,-0.2,25.0
24.93,25.0,25.2,-0.2,26.5
24.94,25.0,25.2,-0.2,23.5
24.95,25.0,25.2,-0.2,26.8
24.96,25.0,25.1,-0.1,22.7
24.97,25.0,25.2,-0.2,27.8
24.98,25.0,25.1,-0.1,23.3
24.99,25.0,25.2,-0.2,25.6
25.00,25.0,25.2,-0.2,26.7
25.01,25.0,25.1,-0.1,23.0
25.02,25.0,25.3,-0.3,27.9
25.03,25.0,25.2,-0.2,24.1
25.04,25.0,25.2,-0.2,25.5
25.05,25.0,25.2,-0.2,24.2
25.06,25.0,25.2,-0.2,25.6
25.07,25.0,25.1,-0.1,24.1
25.08,25.0,25.3,-0.3,27.8
25.09,25.0,25.2,-0.2,23.6
25.10,25.0,25.3,-0.3,26.6
25.11,25.0,25.1,-0.1,21.6
25.12,25.0,25.2,-0.2,27.1
25.13,25.0,25.1,-0.1,23.6
25.14,25.0,25.2,-0.2,26.3
25.15,25.0,25.1,-0.1,23.6
25.16,25.0,25.1,-0.1,26.2
25.17,25.0,25.2,-0.2,25.6
25.18,25.0,25.1,-0.1,24.8
25.19,25.0,25.2,-0.2,26.1
25.20,25.0,25.1,-0.1,23.6
25.21,25.0,25.2,-0.2,26.4
25.22,25.0,25.1,-0.1,23.8
25.23,25.0,25.1,-0.1,25.9
25.24,25.0,25.1,-0.1,24.7
25.25,25.0,25.2,-0.2,27.1
25.26,25.0,25.1,-0.1,22.6
25.27,25.0,25.2,-0.2,26.3
25.28,25.0,25.1,-0.1,24.0
25.29,25.0,25.2,-0.2,27.4
25.30,25.0,25.1,-0.1,23.6
25.31,25.0,25.2,-0.2,25.9
25.32,25.0,25.2,-0.2,25.0
25.33,25.0,25.1,-0.1,23.7
25.34,25.0,25.2,-0.2,26.5
25.35,25.0,25.1,-0.1,24.9
25.36,25.0,25.1,-0.1,23.9
25.37,25.0,25.1,-0.1,26.4
25.38,25.0,25.1,-0.1,23.4
25.39,25.0,25.2,-0.2,28.4
25.40,25.0,25.1,-0.1,22.8
25.41,25.0,25.1,-0.1,25.6
25.42,25.0,25.1,-0.1,23.9
25.43,25.0,25.1,-0.1,26.2
25.44,25.0,25.2,-0.2,25.9
25.45,25.0,25.1,-0.1,24.3
25.46,25.0,25.1,-0.1,25.1
25.47,25.0,25.1,-0.1,24.7
25.48,25.0,25.1,-0.1,24.9
25.49,25.0,25.2,-0.2,27.4
25.50,25.0,25.1,-0.1,22.7
25.51,25.0,25.1,-0.1,25.6
25.52,25.0,25.1,-0.1,25.8
25.53,25.0,25.0,-0.0,23.1
25.54,25.0,25.1,-0.1,27.3
25.55,25.0,25.2,-0.2,25.2
25.56,25.0,25.1,-0.1,24.7
25.57,25.0,25.1,-0.1,24.7
25.58,25.0,25.2,-0.2,26.5
25.59,25.0,25.0,-0.0,22.2
25.60,25.0,25.2,-0.2,27.7
25.61,25.0,25.1,-0.1,24.6
25.62,25.0,25.1,-0.1,24.2
25.63,25.0,25.1,-0.1,26.0
25.64,25.0,25.1,-0.1,24.3
25.65,25.0,25.1,-0.1,26.0
25.66,25.0,25.1,-0.1,24.7
25.67,25.0,25.0,-0.0,23.6
25.68,25.0,25.1,-0.1,27.0
25.69,25.0,25.1,-0.1,25.2
25.70,25.0,25.1,-0.1,23.7
25.71,25.0,25.1,-0.1,26.1
25.72,25.0,25.1,-0.1,25.1
25.73,25.0,25.1,-0.1,23.8
25.74,25.0,25.1,-0.1,26.5
25.75,25.0,25.1,-0.1,24.3
25.76,25.0,25.2,-0.2,26.8
25.77,25.0,25.1,-0.1,22.8
25.78,25.0,25.1,-0.1,26.1
25.79,25.0,25.1,-0.1,24.9
25.80,25.0,25.1,-0.1,26.0
25.81,25.0,25.1,-0.1,23.8
25.82,25.0,25.1,-0.1,26.3
25.83,25.0,25.1,-0.1,24.3
25.84,25.0,25.2,-0.2,26.9
25.85,25.0,25.1,-0.1,22.9
25.86,25.0,25.2,-0.2,27.0
25.87,25.0,25.0,-0.0,21.8
25.88,25.0,25.1,-0.1,26.9
25.89,25.0,25.0,-0.0,24.0
25.90,25.0,25.2,-0.2,27.8
25.91,25.0,25.0,-0.0,21.8
25.92,25.0,25.2,-0.2,28.8
25.93,25.0,25.0,-0.0,21.8
25.94,25.0,25.1,-0.1,25.9
25.95,25.0,25.1,-0.1,24.9
25.96,25.0,25.1,-0.1,25.0
25.97,25.0,25.1,-0.1,25.3
25.98,25.0,25.1,-0.1,26.0
25.99,25.0,25.1,-0.1,25.4
26.00,25.0,25.1,-0.1,23.9
26.01,25.0,25.1,-0.1,24.9
26.02,25.0,25.2,-0.2,27.2
26.03,25.0,25.0,-0.0,22.1
26.04,25.0,25.2,-0.2,28.8
26.05,25.0,25.0,-0.0,21.3
26.06,25.0,25.2,-0.2,28.4
26.07,25.0,25.0,-0.0,22.3
26.08,25.0,25.2,-0.2,27.8
26.09,25.0,25.0,-0.0,21.9
26.10,25.0,25.2,-0.2,28.5
26.11,25.0,25.0,-0.0,21.5
26.12,25.0,25.1,-0.1,26.7
26.13,25.0,25.1,-0.1,24.8
26.14,25.0,25.2,-0.2,26.7
26.15,25.0,25.1,-0.1,23.7
26.16,25.0,25.1,-0.1,25.1
26.17,25.0,25.1,-0.1,26.4
26.18,25.0,25.1,-0.1,24.2
26.19,25.0,25.2,-0.2,26.3
26.20,25.0,25.0,-0.0,22.5
26.21,25.0,25.1,-0.1,26.4
26.22,25.0,25.1,-0.1,25.3
26.23,25.0,25.0,-0.0,23.4
26.24,25.0,25.1,-0.1,25.9
26.25,25.0,25.0,-0.0,24.5
26.26,25.0,25.1,-0.1,26.7
26.27,25.0,25.1,-0.1,24.0
26.28,25.0,25.1,-0.1,25.0
26.29,25.0,25.1,-0.1,24.9
26.30,25.0,25.1,-0.1,26.0
26.31,25.0,25.0,0.0,23.0
26.32,25.0,25.2,-0.2,28.6
26.33,25.0,25.0,-0.0,22.5
26.34,25.0,25.0,-0.0,25.2
26.35,25.0,25.1,-0.1,26.1
26.36,25.0,25.0,0.0,23.1
26.37,25.0,25.1,-0.1,26.7
26.38,25.0,25.1,-0.1,24.8
26.39,25.0,25.0,-0.0,23.9
26.40,25.0,25.1,-0.1,27.1
26.41,25.0,25.1,-0.1,23.9
26.42,25.0,25.0,-0.0,24.2
26.43,25.0,25.1,-0.1,27.3
26.44,25.0,25.1,-0.1,23.9
26.45,25.0,25.1,-0.1,25.4
26.46,25.0,25.1,-0.1,24.7
26.47,25.0,25.1,-0.1,25.0
26.48,25.0,25.0,-0.0,24.4
26.49,25.0,25.1,-0.1,26.5
26.50,25.0,25.0,-0.0,23.8
26.51,25.0,25.1,-0.1,26.4
26.52,25.0,25.0,-0.0,23.7
26.53,25.0,25.1,-0.1,25.6
26.54,25.0,25.0,-0.0,24.6
26.55,25.0,25.0,-0.0,24.8
26.56,25.0,25.1,-0.1,26.9
26.57,25.0,25.0,-0.0,23.5
26.58,25.0,25.1,-0.1,26.6
26.59,25.0,25.0,0.0,22.2
26.60,25.0,25.1,-0.1,27.2
26.61,25.0,25.1,-0.1,24.9
26.62,25.0,25.0,-0.0,23.9
26.63,25.0,25.0,-0.0,25.6
26.64,25.0,25.1,-0.1,26.3
26.65,25.0,25.0,0.0,22.8
26.66,25.0,25.1,-0.1,27.5
26.67,25.0,25.0,0.0,21.8
26.68,25.0,25.2,-0.2,29.3
26.69,25.0,25.0,-0.0,22.6
26.70,25.0,25.1,-0.1,26.2
26.71,25.0,25.0,-0.0,24.0
26.72,25.0,25.0,-0.0,24.8
26.73,25.0,25.1,-0.1,27.1
26.74,25.0,25.1,-0.1,23.6
26.75,25.0,25.1,-0.1,25.3
26.76,25.0,25.0,0.0,23.5
26.77,25.0,25.1,-0.1,27.3
26.78,25.0,25.0,0.0,22.4
26.79,25.0,25.1,-0.1,27.4
26.80,25.0,25.0,-0.0,23.4
26.81,25.0,25.0,-0.0,25.3
26.82,25.0,25.0,-0.0,24.8
26.83,25.0,25.1,-0.1,26.0
26.84,25.0,25.1,-0.1,25.4
26.85,25.0,25.0,0.0,23.6
26.86,25.0,25.1,-0.1,27.7
26.87,25.0,25.1,-0.1,23.7
26.88,25.0,25.1,-0.1,26.2
26.89,25.0,25.1,-0.1,24.4
26.90,25.0,25.0,-0.0,23.6
26.91,25.0,25.1,-0.1,26.9
26.92,25.0,25.1,-0.1,24.5
26.93,25.0,25.0,-0.0,23.9
26.94,25.0,25.1,-0.1,26.8
26.95,25.0,25.0,-0.0,23.3
26.96,25.0,25.0,-0.0,25.6
26.97,25.0,25.1,-0.1,26.3
26.98,25.0,25.0,-0.0,23.7
26.99,25.0,25.1,-0.1,26.7
27.00,25.0,24.9,0.1,21.6
27.01,25.0,25.2,-0.2,29.3
27.02,25.0,25.0,0.0,21.2
27.03,25.0,25.1,-0.1,28.0
27.04,25.0,25.1,-0.1,24.4
27.05,25.0,25.0,-0.0,23.7
27.06,25.0,25.0,-0.0,25.1
27.07,25.0,25.0,0.0,24.5
27.08,25.0,25.1,-0.1,28.0
27.09,25.0,25.0,-0.0,23.1
27.10,25.0,25.1,-0.1,26.4
27.11,25.0,25.1,-0.1,24.4
27.12,25.0,25.1,-0.1,25.5
27.13,25.0,25.1,-0.1,24.7
27.14,25.0,25.1,-0.1,25.5
27.15,25.0,25.1,-0.1,24.3
27.16,25.0,25.1,-0.1,26.1
27.17,25.0,25.0,-0.0,23.0
27.18,25.0,25.1,-0.1,26.6
27.19,25.0,25.1,-0.1,25.5
27.20,25.0,25.0,-0.0,23.4
27.21,25.0,25.0,-0.0,25.1
27.22,25.0,25.0,-0.0,25.4
27.23,25.0,25.1,-0.1,26.3
27.24,25.0,25.1,-0.1,24.2
27.25,25.0,25.1,-0.1,25.7
27.26,25.0,25.1,-0.1,24.6
27.27,25.0,25.1,-0.1,25.2
27.28,25.0,25.1,-0.1,25.9
27.29,25.0,25.0,0.0,22.4
27.30,25.0,25.1,-0.1,27.9
27.31,25.0,24.9,0.1,21.6
27.32,25.0,25.1,-0.1,28.9
27.33,25.0,25.0,-0.0,23.1
27.34,25.0,25.0,-0.0,24.8
27.35,25.0,25.1,-0.1,25.8
27.36,25.0,25.0,0.0,23.3
27.37,25.0,25.1,-0.1,27.7
27.38,25.0,25.0,-0.0,23.0
27.39,25.0,25.0,0.0,24.8
27.40,25.0,25.1,-0.1,26.4
27.41,25.0,24.9,0.1,22.5
27.42,25.0,25.1,-0.1,27.7
27.43,25.0,25.0,-0.0,24.0
27.44,25.0,25.0,0.0,24.0
27.45,25.0,25.1,-0.1,27.1
27.46,25.0,25.0,-0.0,24.3
27.47,25.0,25.1,-0.1,25.5
27.48,25.0,25.0,0.0,23.7
27.49,25.0,25.0,0.0,24.8
27.50,25.0,25.0,0.0,24.9
27.51,25.0,25.0,0.0,24.9
27.52,25.0,25.1,-0.1,27.4
27.53,25.0,25.0,0.0,22.4
27.54,25.0,25.0,0.0,25.6
27.55,25.0,25.1,-0.1,27.2
27.56,25.0,25.0,0.0,22.2
27.57,25.0,25.1,-0.1,27.5
27.58,25.0,25.0,0.0,22.6
27.59,25.0,25.0,0.0,25.6
27.60,25.0,25.0,0.0,25.0
27.61,25.0,25.1,-0.1,26.4
27.62,25.0,25.1,-0.1,24.8
27.63,25.0,24.9,0.1,22.9
27.64,25.0,25.0,-0.0,27.1
27.65,25.0,25.0,-0.0,24.4
27.66,25.0,25.0,0.0,23.8
27.67,25.0,25.1,-0.1,27.7
27.68,25.0,25.0,-0.0,23.5
27.69,25.0,25.0,-0.0,24.7
27.70,25.0,25.0,-0.0,25.4
27.71,25.0,25.0,0.0,24.3
27.72,25.0,25.0,0.0,24.9
27.73,25.0,25.1,-0.1,27.7
27.74,25.0,25.0,-0.0,23.6
27.75,25.0,25.0,0.0,23.7
27.76,25.0,25.0,-0.0,26.4
27.77,25.0,25.0,-0.0,25.1
27.78,25.0,25.1,-0.1,25.6
27.79,25.0,24.9,0.1,22.4
27.80,25.0,25.0,-0.0,26.7
27.81,25.0,25.0,0.0,24.1
27.82,25.0,25.0,-0.0,26.1
27.83,25.0,25.1,-0.1,25.7
27.84,25.0,25.0,-0.0,23.8
27.85,25.0,25.0,-0.0,25.3
27.86,25.0,25.0,-0.0,25.5
27.87,25.0,25.1,-0.1,25.2
27.88,25.0,25.1,-0.1,25.7
27.89,25.0,25.0,0.0,23.2
27.90,25.0,25.0,-0.0,25.4
27.91,25.0,25.1,-0.1,26.1
27.92,25.0,25.0,0.0,22.9
27.93,25.0,25.1,-0.1,28.3
27.94,25.0,25.0,-0.0,22.9
27.95,25.0,25.1,-0.1,26.5
27.96,25.0,25.0,0.0,23.0
27.97,25.0,25.0,0.0,25.3
27.98,25.0,25.1,-0.1,27.0
27.99,25.0,25.0,0.0,22.8
28.00,25.0,25.0,-0.0,26.2
28.01,25.0,25.0,-0.0,24.6
28.02,25.0,25.0,0.0,23.7
28.03,25.0,25.1,-0.1,27.2
28.04,25.0,25.1,-0.1,25.0
28.05,25.0,24.9,0.1,22.8
28.06,25.0,25.0,-0.0,26.0
28.07,25.0,25.0,-0.0,25.3
28.08,25.0,25.1,-0.1,25.9
28.09,25.0,25.1,-0.1,25.1
28.10,25.0,25.0,-0.0,23.9
28.11,25.0,25.0,-0.0,25.9
28.12,25.0,25.0,-0.0,24.9
28.13,25.0,25.0,-0.0,24.7
28.14,25.0,25.1,-0.1,26.5
28.15,25.0,25.0,-0.0,23.4
28.16,25.0,25.1,-0.1,26.0
28.17,25.0,25.1,-0.1,25.2
28.18,25.0,25.1,-0.1,25.2
28.19,25.0,25.0,-0.0,24.2
28.20,25.0,25.0,0.0,24.1
28.21,25.0,25.0,0.0,25.3
28.22,25.0,25.0,-0.0,25.1
28.23,25.0,25.0,0.0,24.0
28.24,25.0,25.1,-0.1,27.3
28.25,25.0,25.1,-0.1,24.7
28.26,25.0,25.0,0.0,24.0
28.27,25.0,25.0,0.0,24.5
28.28,25.0,25.1,-0.1,26.7
28.29,25.0,25.0,-0.0,24.8
28.30,25.0,25.0,0.0,23.9
28.31,25.0,25.0,0.0,24.9
28.32,25.0,25.0,-0.0,26.0
28.33,25.0,24.9,0.1,23.2
28.34,25.0,25.1,-0.1,27.1
28.35,25.0,25.0,-0.0,24.5
28.36,25.0,25.1,-0.1,26.2
28.37,25.0,24.9,0.1,21.9
28.38,25.0,25.1,-0.1,28.4
28.39,25.0,25.0,-0.0,24.0
28.40,25.0,25.1,-0.1,25.7
28.41,25.0,25.0,-0.0,24.4
28.42,25.0,25.0,0.0,23.9
28.43,25.0,25.1,-0.1,26.5
28.44,25.0,24.9,0.1,22.6
28.45,25.0,25.0,-0.0,26.6
28.46,25.0,25.0,0.0,24.0
28.47,25.0,25.0,0.0,25.1
28.48,25.0,25.1,-0.1,26.7
28.49,25.0,24.9,0.1,22.9
28.50,25.0,25.0,0.0,25.7
28.51,25.0,25.0,-0.0,25.6
28.52,25.0,25.0,-0.0,25.4
28.53,25.0,24.9,0.1,23.1
28.54,25.0,25.0,-0.0,26.8
28.55,25.0,25.0,0.0,24.1
28.56,25.0,25.0,0.0,25.2
28.57,25.0,24.9,0.1,24.0
28.58,25.0,25.0,-0.0,26.5
28.59,25.0,24.9,0.1,23.3
28.60,25.0,25.0,0.0,25.7
28.61,25.0,25.0,-0.0,26.2
28.62,25.0,25.0,-0.0,25.1
28.63,25.0,25.0,0.0,23.7
28.64,25.0,25.0,0.0,25.3
28.65,25.0,25.0,-0.0,25.4
28.66,25.0,25.0,0.0,24.5
28.67,25.0,24.9,0.1,24.2
28.68,25.0,25.1,-0.1,28.0
28.69,25.0,25.0,0.0,23.0
28.70,25.0,25.0,-0.0,25.4
28.71,25.0,25.0,0.0,23.9
28.72,25.0,25.0,0.0,25.5
28.73,25.0,25.1,-0.1,26.5
28.74,25.0,25.0,0.0,23.1
28.75,25.0,25.0,0.0,25.5
28.76,25.0,25.1,-0.1,26.9
28.77,25.0,24.9,0.1,22.1
28.78,25.0,25.0,-0.0,26.4
28.79,25.0,25.0,0.0,24.5
28.80,25.0,25.0,0.0,25.2
28.81,25.0,25.1,-0.1,26.7
28.82,25.0,25.0,-0.0,24.3
28.83,25.0,25.1,-0.1,25.9
28.84,25.0,25.0,-0.0,23.9
28.85,25.0,25.1,-0.1,26.5
28.86,25.0,24.9,0.1,21.8
28.87,25.0,25.0,-0.0,27.4
28.88,25.0,25.0,0.0,23.3
28.89,25.0,25.1,-0.1,28.0
28.90,25.0,25.0,0.0,22.2
28.91,25.0,25.1,-0.1,27.5
28.92,25.0,25.0,-0.0,24.1
28.93,25.0,25.0,-0.0,25.0
28.94,25.0,25.1,-0.1,25.5
28.95,25.0,25.0,-0.0,24.8
28.96,25.0,25.0,0.0,23.9
28.97,25.0,25.1,-0.1,26.9
28.98,25.0,25.0,0.0,23.2
28.99,25.0,25.0,-0.0,25.5
29.00,25.0,25.0,0.0,23.8
29.01,25.0,25.1,-0.1,27.1
29.02,25.0,24.9,0.1,22.5
29.03,25.0,25.1,-0.1,27.4
29.04,25.0,25.0,-0.0,24.0
29.05,25.0,25.0,0.0,24.8
29.06,25.0,25.0,-0.0,26.0
29.07,25.0,24.9,0.1,22.5
29.08,25.0,25.0,-0.0,26.6
29.09,25.0,24.9,0.1,23.5
29.10,25.0,25.1,-0.1,27.6
29.11,25.0,25.0,0.0,23.4
29.12,25.0,25.0,-0.0,26.1
29.13,25.0,24.9,0.1,22.8
29.14,25.0,25.1,-0.1,27.8
29.15,25.0,24.9,0.1,22.4
29.16,25.0,25.0,-0.0,26.8
29.17,25.0,25.0,-0.0,24.9
29.18,25.0,25.0,0.0,23.9
29.19,25.0,25.0,-0.0,25.8
29.20,25.0,25.0,-0.0,25.3
29.21,25.0,25.0,-0.0,24.7
29.22,25.0,25.0,0.0,24.6
29.23,25.0,25.0,-0.0,25.6
29.24,25.0,25.0,-0.0,25.1
29.25,25.0,25.0,0.0,24.1
29.26,25.0,25.0,-0.0,26.0
29.27,25.0,24.9,0.1,23.3
29.28,25.0,25.0,-0.0,26.7
29.29,25.0,25.0,0.0,23.6
29.30,25.0,25.0,-0.0,26.4
29.31,25.0,24.9,0.1,23.1
29.32,25.0,25.1,-0.1,27.8
29.33,25.0,24.9,0.1,22.1
29.34,25.0,25.1,-0.1,27.6
29.35,25.0,25.0,0.0,24.0
29.36,25.0,25.0,0.0,24.7
29.37,25.0,25.0,-0.0,26.2
29.38,25.0,24.9,0.1,23.1
29.39,25.0,25.0,-0.0,26.3
29.40,25.0,25.0,-0.0,25.4
29.41,25.0,24.9,0.1,23.4
29.42,25.0,25.0,-0.0,26.9
29.43,25.0,24.9,0.1,22.8
29.44,25.0,25.0,-0.0,27.1
29.45,25.0,25.0,0.0,24.1
29.46,25.0,25.1,-0.1,26.1
29.47,25.0,24.9,0.1,22.4
29.48,25.0,25.0,-0.0,26.6
29.49,25.0,25.0,-0.0,25.7
29.50,25.0,25.0,0.0,24.2
29.51,25.0,25.0,0.0,24.4
29.52,25.0,25.0,0.0,24.8
29.53,25.0,25.0,-0.0,26.0
29.54,25.0,25.0,-0.0,25.2
29.55,25.0,25.0,0.0,23.6
29.56,25.0,25.1,-0.1,27.3
29.57,25.0,24.9,0.1,22.6
29.58,25.0,25.0,0.0,25.9
29.59,25.0,25.0,0.0,24.3
29.60,25.0,25.0,-0.0,26.7
29.61,25.0,25.0,-0.0,24.5
29.62,25.0,24.9,0.1,23.2
29.63,25.0,25.0,-0.0,26.9
29.64,25.0,25.0,0.0,23.9
29.65,25.0,25.0,-0.0,26.5
29.66,25.0,24.9,0.1,22.9
29.67,25.0,25.0,-0.0,26.8
29.68,25.0,25.0,-0.0,24.7
29.69,25.0,25.0,-0.0,25.7
29.70,25.0,25.0,-0.0,24.8
29.71,25.0,24.9,0.1,22.9
29.72,25.0,25.1,-0.1,28.9
29.73,25.0,25.0,0.0,22.3
29.74,25.0,25.1,-0.1,26.6
29.75,25.0,25.0,0.0,23.6
29.76,25.0,25.1,-0.1,26.4
29.77,25.0,25.0,-0.0,24.0
29.78,25.0,25.0,-0.0,25.7
29.79,25.0,25.0,-0.0,25.2
29.80,25.0,25.0,-0.0,25.0
29.81,25.0,25.1,-0.1,25.1
29.82,25.0,25.0,-0.0,24.7
29.83,25.0,25.0,-0.0,25.1
29.84,25.0,24.9,0.1,23.2
29.85,25.0,25.0,0.0,26.0
29.86,25.0,24.9,0.1,23.9
29.87,25.0,25.1,-0.1,27.5
29.88,25.0,24.9,0.1,22.3
29.89,25.0,25.0,0.0,25.8
29.90,25.0,25.0,0.0,24.7
29.91,25.0,25.1,-0.1,27.1
29.92,25.0,24.9,0.1,21.7
29.93,25.0,25.0,-0.0,27.1
29.94,25.0,25.0,0.0,24.8
29.95,25.0,25.0,-0.0,26.0
29.96,25.0,25.0,-0.0,25.1
29.97,25.0,25.0,0.0,23.4
29.98,25.0,25.1,-0.1,27.6
29.99,25.0,25.0,0.0,22.5
